Data Source,Language,Seed,Person ID/Name,Class,Image ID,Image File
BHSig260_Bengali_Sampled,Sampled,random_seeds_101,user_007,FORGED,1,../preprocessing/preprocessed_dataset/preprocessed/BHSig260_Bengali_Sampled/random_seeds_101/user_007/forge/BHSig260_user_007_forge_1.png
BHSig260_Bengali_Sampled,Sampled,random_seeds_101,user_007,FORGED,2,../preprocessing/preprocessed_dataset/preprocessed/BHSig260_Bengali_Sampled/random_seeds_101/user_007/forge/BHSig260_user_007_forge_2.png
BHSig260_Bengali_Sampled,Sampled,random_seeds_101,user_007,FORGED,3,../preprocessing/preprocessed_dataset/preprocessed/BHSig260_Bengali_Sampled/random_seeds_101/user_007/forge/BHSig260_user_007_forge_3.png
BHSig260_Bengali_Sampled,Sampled,random_seeds_101,user_007,FORGED,4,../preprocessing/preprocessed_dataset/preprocessed/BHSig260_Bengali_Sampled/random_seeds_101/user_007/forge/BHSig260_user_007_forge_4.png
BHSig260_Bengali_Sampled,Sampled,random_seeds_101,user_007,FORGED,5,../preprocessing/preprocessed_dataset/preprocessed/BHSig260_Bengali_Sampled/random_seeds_101/user_007/forge/BHSig260_user_007_forge_5.png
BHSig260_Bengali_Sampled,Sampled,random_seeds_101,user_007,TRUE,1,../preprocessing/preprocessed_dataset/preprocessed/BHSig260_Bengali_Sampled/random_seeds_101/user_007/true/BHSig260_user_007_true_1.png
BHSig260_Bengali_Sampled,Sampled,random_seeds_101,user_007,TRUE,2,../preprocessing/preprocessed_dataset/preprocessed/BHSig260_Bengali_Sampled/random_seeds_101/user_007/true/BHSig260_user_007_true_2.png
BHSig260_Bengali_Sampled,Sampled,random_seeds_101,user_007,TRUE,3,../preprocessing/preprocessed_dataset/preprocessed/BHSig260_Bengali_Sampled/random_seeds_101/user_007/true/BHSig260_user_007_true_3.png
BHSig260_Bengali_Sampled,Sampled,random_seeds_101,user_007,TRUE,4,../preprocessing/preprocessed_dataset/preprocessed/BHSig260_Bengali_Sampled/random_seeds_101/user_007/true/BHSig260_user_007_true_4.png
BHSig260_Bengali_Sampled,Sampled,random_seeds_101,user_007,TRUE,5,../preprocessing/preprocessed_dataset/preprocessed/BHSig260_Bengali_Sampled/random_seeds_101/user_007/true/BHSig260_user_007_true_5.png
BHSig260_Bengali_Sampled,Sampled,random_seeds_101,user_025,FORGED,1,../preprocessing/preprocessed_dataset/preprocessed/BHSig260_Bengali_Sampled/random_seeds_101/user_025/forge/BHSig260_user_025_forge_1.png
BHSig260_Bengali_Sampled,Sampled,random_seeds_101,user_025,FORGED,2,../preprocessing/preprocessed_dataset/preprocessed/BHSig260_Bengali_Sampled/random_seeds_101/user_025/forge/BHSig260_user_025_forge_2.png
BHSig260_Bengali_Sampled,Sampled,random_seeds_101,user_025,FORGED,3,../preprocessing/preprocessed_dataset/preprocessed/BHSig260_Bengali_Sampled/random_seeds_101/user_025/forge/BHSig260_user_025_forge_3.png
BHSig260_Bengali_Sampled,Sampled,random_seeds_101,user_025,FORGED,4,../preprocessing/preprocessed_dataset/preprocessed/BHSig260_Bengali_Sampled/random_seeds_101/user_025/forge/BHSig260_user_025_forge_4.png
BHSig260_Bengali_Sampled,Sampled,random_seeds_101,user_025,FORGED,5,../preprocessing/preprocessed_dataset/preprocessed/BHSig260_Bengali_Sampled/random_seeds_101/user_025/forge/BHSig260_user_025_forge_5.png
BHSig260_Bengali_Sampled,Sampled,random_seeds_101,user_025,TRUE,1,../preprocessing/preprocessed_dataset/preprocessed/BHSig260_Bengali_Sampled/random_seeds_101/user_025/true/BHSig260_user_025_true_1.png
BHSig260_Bengali_Sampled,Sampled,random_seeds_101,user_025,TRUE,2,../preprocessing/preprocessed_dataset/preprocessed/BHSig260_Bengali_Sampled/random_seeds_101/user_025/true/BHSig260_user_025_true_2.png
BHSig260_Bengali_Sampled,Sampled,random_seeds_101,user_025,TRUE,3,../preprocessing/preprocessed_dataset/preprocessed/BHSig260_Bengali_Sampled/random_seeds_101/user_025/true/BHSig260_user_025_true_3.png
BHSig260_Bengali_Sampled,Sampled,random_seeds_101,user_025,TRUE,4,../preprocessing/preprocessed_dataset/preprocessed/BHSig260_Bengali_Sampled/random_seeds_101/user_025/true/BHSig260_user_025_true_4.png
BHSig260_Bengali_Sampled,Sampled,random_seeds_101,user_025,TRUE,5,../preprocessing/preprocessed_dataset/preprocessed/BHSig260_Bengali_Sampled/random_seeds_101/user_025/true/BHSig260_user_025_true_5.png
BHSig260_Bengali_Sampled,Sampled,random_seeds_101,user_028,FORGED,1,../preprocessing/preprocessed_dataset/preprocessed/BHSig260_Bengali_Sampled/random_seeds_101/user_028/forge/BHSig260_user_028_forge_1.png
BHSig260_Bengali_Sampled,Sampled,random_seeds_101,user_028,FORGED,2,../preprocessing/preprocessed_dataset/preprocessed/BHSig260_Bengali_Sampled/random_seeds_101/user_028/forge/BHSig260_user_028_forge_2.png
BHSig260_Bengali_Sampled,Sampled,random_seeds_101,user_028,FORGED,3,../preprocessing/preprocessed_dataset/preprocessed/BHSig260_Bengali_Sampled/random_seeds_101/user_028/forge/BHSig260_user_028_forge_3.png
BHSig260_Bengali_Sampled,Sampled,random_seeds_101,user_028,FORGED,4,../preprocessing/preprocessed_dataset/preprocessed/BHSig260_Bengali_Sampled/random_seeds_101/user_028/forge/BHSig260_user_028_forge_4.png
BHSig260_Bengali_Sampled,Sampled,random_seeds_101,user_028,FORGED,5,../preprocessing/preprocessed_dataset/preprocessed/BHSig260_Bengali_Sampled/random_seeds_101/user_028/forge/BHSig260_user_028_forge_5.png
BHSig260_Bengali_Sampled,Sampled,random_seeds_101,user_028,TRUE,1,../preprocessing/preprocessed_dataset/preprocessed/BHSig260_Bengali_Sampled/random_seeds_101/user_028/true/BHSig260_user_028_true_1.png
BHSig260_Bengali_Sampled,Sampled,random_seeds_101,user_028,TRUE,2,../preprocessing/preprocessed_dataset/preprocessed/BHSig260_Bengali_Sampled/random_seeds_101/user_028/true/BHSig260_user_028_true_2.png
BHSig260_Bengali_Sampled,Sampled,random_seeds_101,user_028,TRUE,3,../preprocessing/preprocessed_dataset/preprocessed/BHSig260_Bengali_Sampled/random_seeds_101/user_028/true/BHSig260_user_028_true_3.png
BHSig260_Bengali_Sampled,Sampled,random_seeds_101,user_028,TRUE,4,../preprocessing/preprocessed_dataset/preprocessed/BHSig260_Bengali_Sampled/random_seeds_101/user_028/true/BHSig260_user_028_true_4.png
BHSig260_Bengali_Sampled,Sampled,random_seeds_101,user_028,TRUE,5,../preprocessing/preprocessed_dataset/preprocessed/BHSig260_Bengali_Sampled/random_seeds_101/user_028/true/BHSig260_user_028_true_5.png
BHSig260_Bengali_Sampled,Sampled,random_seeds_101,user_046,FORGED,1,../preprocessing/preprocessed_dataset/preprocessed/BHSig260_Bengali_Sampled/random_seeds_101/user_046/forge/BHSig260_user_046_forge_1.png
BHSig260_Bengali_Sampled,Sampled,random_seeds_101,user_046,FORGED,2,../preprocessing/preprocessed_dataset/preprocessed/BHSig260_Bengali_Sampled/random_seeds_101/user_046/forge/BHSig260_user_046_forge_2.png
BHSig260_Bengali_Sampled,Sampled,random_seeds_101,user_046,FORGED,3,../preprocessing/preprocessed_dataset/preprocessed/BHSig260_Bengali_Sampled/random_seeds_101/user_046/forge/BHSig260_user_046_forge_3.png
BHSig260_Bengali_Sampled,Sampled,random_seeds_101,user_046,FORGED,4,../preprocessing/preprocessed_dataset/preprocessed/BHSig260_Bengali_Sampled/random_seeds_101/user_046/forge/BHSig260_user_046_forge_4.png
BHSig260_Bengali_Sampled,Sampled,random_seeds_101,user_046,FORGED,5,../preprocessing/preprocessed_dataset/preprocessed/BHSig260_Bengali_Sampled/random_seeds_101/user_046/forge/BHSig260_user_046_forge_5.png
BHSig260_Bengali_Sampled,Sampled,random_seeds_101,user_046,TRUE,1,../preprocessing/preprocessed_dataset/preprocessed/BHSig260_Bengali_Sampled/random_seeds_101/user_046/true/BHSig260_user_046_true_1.png
BHSig260_Bengali_Sampled,Sampled,random_seeds_101,user_046,TRUE,2,../preprocessing/preprocessed_dataset/preprocessed/BHSig260_Bengali_Sampled/random_seeds_101/user_046/true/BHSig260_user_046_true_2.png
BHSig260_Bengali_Sampled,Sampled,random_seeds_101,user_046,TRUE,3,../preprocessing/preprocessed_dataset/preprocessed/BHSig260_Bengali_Sampled/random_seeds_101/user_046/true/BHSig260_user_046_true_3.png
BHSig260_Bengali_Sampled,Sampled,random_seeds_101,user_046,TRUE,4,../preprocessing/preprocessed_dataset/preprocessed/BHSig260_Bengali_Sampled/random_seeds_101/user_046/true/BHSig260_user_046_true_4.png
BHSig260_Bengali_Sampled,Sampled,random_seeds_101,user_046,TRUE,5,../preprocessing/preprocessed_dataset/preprocessed/BHSig260_Bengali_Sampled/random_seeds_101/user_046/true/BHSig260_user_046_true_5.png
BHSig260_Bengali_Sampled,Sampled,random_seeds_101,user_060,FORGED,1,../preprocessing/preprocessed_dataset/preprocessed/BHSig260_Bengali_Sampled/random_seeds_101/user_060/forge/BHSig260_user_060_forge_1.png
BHSig260_Bengali_Sampled,Sampled,random_seeds_101,user_060,FORGED,2,../preprocessing/preprocessed_dataset/preprocessed/BHSig260_Bengali_Sampled/random_seeds_101/user_060/forge/BHSig260_user_060_forge_2.png
BHSig260_Bengali_Sampled,Sampled,random_seeds_101,user_060,FORGED,3,../preprocessing/preprocessed_dataset/preprocessed/BHSig260_Bengali_Sampled/random_seeds_101/user_060/forge/BHSig260_user_060_forge_3.png
BHSig260_Bengali_Sampled,Sampled,random_seeds_101,user_060,FORGED,4,../preprocessing/preprocessed_dataset/preprocessed/BHSig260_Bengali_Sampled/random_seeds_101/user_060/forge/BHSig260_user_060_forge_4.png
BHSig260_Bengali_Sampled,Sampled,random_seeds_101,user_060,FORGED,5,../preprocessing/preprocessed_dataset/preprocessed/BHSig260_Bengali_Sampled/random_seeds_101/user_060/forge/BHSig260_user_060_forge_5.png
BHSig260_Bengali_Sampled,Sampled,random_seeds_101,user_060,TRUE,1,../preprocessing/preprocessed_dataset/preprocessed/BHSig260_Bengali_Sampled/random_seeds_101/user_060/true/BHSig260_user_060_true_1.png
BHSig260_Bengali_Sampled,Sampled,random_seeds_101,user_060,TRUE,2,../preprocessing/preprocessed_dataset/preprocessed/BHSig260_Bengali_Sampled/random_seeds_101/user_060/true/BHSig260_user_060_true_2.png
BHSig260_Bengali_Sampled,Sampled,random_seeds_101,user_060,TRUE,3,../preprocessing/preprocessed_dataset/preprocessed/BHSig260_Bengali_Sampled/random_seeds_101/user_060/true/BHSig260_user_060_true_3.png
BHSig260_Bengali_Sampled,Sampled,random_seeds_101,user_060,TRUE,4,../preprocessing/preprocessed_dataset/preprocessed/BHSig260_Bengali_Sampled/random_seeds_101/user_060/true/BHSig260_user_060_true_4.png
BHSig260_Bengali_Sampled,Sampled,random_seeds_101,user_060,TRUE,5,../preprocessing/preprocessed_dataset/preprocessed/BHSig260_Bengali_Sampled/random_seeds_101/user_060/true/BHSig260_user_060_true_5.png
BHSig260_Bengali_Sampled,Sampled,random_seeds_101,user_065,FORGED,1,../preprocessing/preprocessed_dataset/preprocessed/BHSig260_Bengali_Sampled/random_seeds_101/user_065/forge/BHSig260_user_065_forge_1.png
BHSig260_Bengali_Sampled,Sampled,random_seeds_101,user_065,FORGED,2,../preprocessing/preprocessed_dataset/preprocessed/BHSig260_Bengali_Sampled/random_seeds_101/user_065/forge/BHSig260_user_065_forge_2.png
BHSig260_Bengali_Sampled,Sampled,random_seeds_101,user_065,FORGED,3,../preprocessing/preprocessed_dataset/preprocessed/BHSig260_Bengali_Sampled/random_seeds_101/user_065/forge/BHSig260_user_065_forge_3.png
BHSig260_Bengali_Sampled,Sampled,random_seeds_101,user_065,FORGED,4,../preprocessing/preprocessed_dataset/preprocessed/BHSig260_Bengali_Sampled/random_seeds_101/user_065/forge/BHSig260_user_065_forge_4.png
BHSig260_Bengali_Sampled,Sampled,random_seeds_101,user_065,FORGED,5,../preprocessing/preprocessed_dataset/preprocessed/BHSig260_Bengali_Sampled/random_seeds_101/user_065/forge/BHSig260_user_065_forge_5.png
BHSig260_Bengali_Sampled,Sampled,random_seeds_101,user_065,TRUE,1,../preprocessing/preprocessed_dataset/preprocessed/BHSig260_Bengali_Sampled/random_seeds_101/user_065/true/BHSig260_user_065_true_1.png
BHSig260_Bengali_Sampled,Sampled,random_seeds_101,user_065,TRUE,2,../preprocessing/preprocessed_dataset/preprocessed/BHSig260_Bengali_Sampled/random_seeds_101/user_065/true/BHSig260_user_065_true_2.png
BHSig260_Bengali_Sampled,Sampled,random_seeds_101,user_065,TRUE,3,../preprocessing/preprocessed_dataset/preprocessed/BHSig260_Bengali_Sampled/random_seeds_101/user_065/true/BHSig260_user_065_true_3.png
BHSig260_Bengali_Sampled,Sampled,random_seeds_101,user_065,TRUE,4,../preprocessing/preprocessed_dataset/preprocessed/BHSig260_Bengali_Sampled/random_seeds_101/user_065/true/BHSig260_user_065_true_4.png
BHSig260_Bengali_Sampled,Sampled,random_seeds_101,user_065,TRUE,5,../preprocessing/preprocessed_dataset/preprocessed/BHSig260_Bengali_Sampled/random_seeds_101/user_065/true/BHSig260_user_065_true_5.png
BHSig260_Bengali_Sampled,Sampled,random_seeds_101,user_070,FORGED,1,../preprocessing/preprocessed_dataset/preprocessed/BHSig260_Bengali_Sampled/random_seeds_101/user_070/forge/BHSig260_user_070_forge_1.png
BHSig260_Bengali_Sampled,Sampled,random_seeds_101,user_070,FORGED,2,../preprocessing/preprocessed_dataset/preprocessed/BHSig260_Bengali_Sampled/random_seeds_101/user_070/forge/BHSig260_user_070_forge_2.png
BHSig260_Bengali_Sampled,Sampled,random_seeds_101,user_070,FORGED,3,../preprocessing/preprocessed_dataset/preprocessed/BHSig260_Bengali_Sampled/random_seeds_101/user_070/forge/BHSig260_user_070_forge_3.png
BHSig260_Bengali_Sampled,Sampled,random_seeds_101,user_070,FORGED,4,../preprocessing/preprocessed_dataset/preprocessed/BHSig260_Bengali_Sampled/random_seeds_101/user_070/forge/BHSig260_user_070_forge_4.png
BHSig260_Bengali_Sampled,Sampled,random_seeds_101,user_070,FORGED,5,../preprocessing/preprocessed_dataset/preprocessed/BHSig260_Bengali_Sampled/random_seeds_101/user_070/forge/BHSig260_user_070_forge_5.png
BHSig260_Bengali_Sampled,Sampled,random_seeds_101,user_070,TRUE,1,../preprocessing/preprocessed_dataset/preprocessed/BHSig260_Bengali_Sampled/random_seeds_101/user_070/true/BHSig260_user_070_true_1.png
BHSig260_Bengali_Sampled,Sampled,random_seeds_101,user_070,TRUE,2,../preprocessing/preprocessed_dataset/preprocessed/BHSig260_Bengali_Sampled/random_seeds_101/user_070/true/BHSig260_user_070_true_2.png
BHSig260_Bengali_Sampled,Sampled,random_seeds_101,user_070,TRUE,3,../preprocessing/preprocessed_dataset/preprocessed/BHSig260_Bengali_Sampled/random_seeds_101/user_070/true/BHSig260_user_070_true_3.png
BHSig260_Bengali_Sampled,Sampled,random_seeds_101,user_070,TRUE,4,../preprocessing/preprocessed_dataset/preprocessed/BHSig260_Bengali_Sampled/random_seeds_101/user_070/true/BHSig260_user_070_true_4.png
BHSig260_Bengali_Sampled,Sampled,random_seeds_101,user_070,TRUE,5,../preprocessing/preprocessed_dataset/preprocessed/BHSig260_Bengali_Sampled/random_seeds_101/user_070/true/BHSig260_user_070_true_5.png
BHSig260_Bengali_Sampled,Sampled,random_seeds_101,user_075,FORGED,1,../preprocessing/preprocessed_dataset/preprocessed/BHSig260_Bengali_Sampled/random_seeds_101/user_075/forge/BHSig260_user_075_forge_1.png
BHSig260_Bengali_Sampled,Sampled,random_seeds_101,user_075,FORGED,2,../preprocessing/preprocessed_dataset/preprocessed/BHSig260_Bengali_Sampled/random_seeds_101/user_075/forge/BHSig260_user_075_forge_2.png
BHSig260_Bengali_Sampled,Sampled,random_seeds_101,user_075,FORGED,3,../preprocessing/preprocessed_dataset/preprocessed/BHSig260_Bengali_Sampled/random_seeds_101/user_075/forge/BHSig260_user_075_forge_3.png
BHSig260_Bengali_Sampled,Sampled,random_seeds_101,user_075,FORGED,4,../preprocessing/preprocessed_dataset/preprocessed/BHSig260_Bengali_Sampled/random_seeds_101/user_075/forge/BHSig260_user_075_forge_4.png
BHSig260_Bengali_Sampled,Sampled,random_seeds_101,user_075,FORGED,5,../preprocessing/preprocessed_dataset/preprocessed/BHSig260_Bengali_Sampled/random_seeds_101/user_075/forge/BHSig260_user_075_forge_5.png
BHSig260_Bengali_Sampled,Sampled,random_seeds_101,user_075,TRUE,1,../preprocessing/preprocessed_dataset/preprocessed/BHSig260_Bengali_Sampled/random_seeds_101/user_075/true/BHSig260_user_075_true_1.png
BHSig260_Bengali_Sampled,Sampled,random_seeds_101,user_075,TRUE,2,../preprocessing/preprocessed_dataset/preprocessed/BHSig260_Bengali_Sampled/random_seeds_101/user_075/true/BHSig260_user_075_true_2.png
BHSig260_Bengali_Sampled,Sampled,random_seeds_101,user_075,TRUE,3,../preprocessing/preprocessed_dataset/preprocessed/BHSig260_Bengali_Sampled/random_seeds_101/user_075/true/BHSig260_user_075_true_3.png
BHSig260_Bengali_Sampled,Sampled,random_seeds_101,user_075,TRUE,4,../preprocessing/preprocessed_dataset/preprocessed/BHSig260_Bengali_Sampled/random_seeds_101/user_075/true/BHSig260_user_075_true_4.png
BHSig260_Bengali_Sampled,Sampled,random_seeds_101,user_075,TRUE,5,../preprocessing/preprocessed_dataset/preprocessed/BHSig260_Bengali_Sampled/random_seeds_101/user_075/true/BHSig260_user_075_true_5.png
BHSig260_Bengali_Sampled,Sampled,random_seeds_101,user_078,FORGED,1,../preprocessing/preprocessed_dataset/preprocessed/BHSig260_Bengali_Sampled/random_seeds_101/user_078/forge/BHSig260_user_078_forge_1.png
BHSig260_Bengali_Sampled,Sampled,random_seeds_101,user_078,FORGED,2,../preprocessing/preprocessed_dataset/preprocessed/BHSig260_Bengali_Sampled/random_seeds_101/user_078/forge/BHSig260_user_078_forge_2.png
BHSig260_Bengali_Sampled,Sampled,random_seeds_101,user_078,FORGED,3,../preprocessing/preprocessed_dataset/preprocessed/BHSig260_Bengali_Sampled/random_seeds_101/user_078/forge/BHSig260_user_078_forge_3.png
BHSig260_Bengali_Sampled,Sampled,random_seeds_101,user_078,FORGED,4,../preprocessing/preprocessed_dataset/preprocessed/BHSig260_Bengali_Sampled/random_seeds_101/user_078/forge/BHSig260_user_078_forge_4.png
BHSig260_Bengali_Sampled,Sampled,random_seeds_101,user_078,FORGED,5,../preprocessing/preprocessed_dataset/preprocessed/BHSig260_Bengali_Sampled/random_seeds_101/user_078/forge/BHSig260_user_078_forge_5.png
BHSig260_Bengali_Sampled,Sampled,random_seeds_101,user_078,TRUE,1,../preprocessing/preprocessed_dataset/preprocessed/BHSig260_Bengali_Sampled/random_seeds_101/user_078/true/BHSig260_user_078_true_1.png
BHSig260_Bengali_Sampled,Sampled,random_seeds_101,user_078,TRUE,2,../preprocessing/preprocessed_dataset/preprocessed/BHSig260_Bengali_Sampled/random_seeds_101/user_078/true/BHSig260_user_078_true_2.png
BHSig260_Bengali_Sampled,Sampled,random_seeds_101,user_078,TRUE,3,../preprocessing/preprocessed_dataset/preprocessed/BHSig260_Bengali_Sampled/random_seeds_101/user_078/true/BHSig260_user_078_true_3.png
BHSig260_Bengali_Sampled,Sampled,random_seeds_101,user_078,TRUE,4,../preprocessing/preprocessed_dataset/preprocessed/BHSig260_Bengali_Sampled/random_seeds_101/user_078/true/BHSig260_user_078_true_4.png
BHSig260_Bengali_Sampled,Sampled,random_seeds_101,user_078,TRUE,5,../preprocessing/preprocessed_dataset/preprocessed/BHSig260_Bengali_Sampled/random_seeds_101/user_078/true/BHSig260_user_078_true_5.png
BHSig260_Bengali_Sampled,Sampled,random_seeds_101,user_085,FORGED,1,../preprocessing/preprocessed_dataset/preprocessed/BHSig260_Bengali_Sampled/random_seeds_101/user_085/forge/BHSig260_user_085_forge_1.png
BHSig260_Bengali_Sampled,Sampled,random_seeds_101,user_085,FORGED,2,../preprocessing/preprocessed_dataset/preprocessed/BHSig260_Bengali_Sampled/random_seeds_101/user_085/forge/BHSig260_user_085_forge_2.png
BHSig260_Bengali_Sampled,Sampled,random_seeds_101,user_085,FORGED,3,../preprocessing/preprocessed_dataset/preprocessed/BHSig260_Bengali_Sampled/random_seeds_101/user_085/forge/BHSig260_user_085_forge_3.png
BHSig260_Bengali_Sampled,Sampled,random_seeds_101,user_085,FORGED,4,../preprocessing/preprocessed_dataset/preprocessed/BHSig260_Bengali_Sampled/random_seeds_101/user_085/forge/BHSig260_user_085_forge_4.png
BHSig260_Bengali_Sampled,Sampled,random_seeds_101,user_085,FORGED,5,../preprocessing/preprocessed_dataset/preprocessed/BHSig260_Bengali_Sampled/random_seeds_101/user_085/forge/BHSig260_user_085_forge_5.png
BHSig260_Bengali_Sampled,Sampled,random_seeds_101,user_085,TRUE,1,../preprocessing/preprocessed_dataset/preprocessed/BHSig260_Bengali_Sampled/random_seeds_101/user_085/true/BHSig260_user_085_true_1.png
BHSig260_Bengali_Sampled,Sampled,random_seeds_101,user_085,TRUE,2,../preprocessing/preprocessed_dataset/preprocessed/BHSig260_Bengali_Sampled/random_seeds_101/user_085/true/BHSig260_user_085_true_2.png
BHSig260_Bengali_Sampled,Sampled,random_seeds_101,user_085,TRUE,3,../preprocessing/preprocessed_dataset/preprocessed/BHSig260_Bengali_Sampled/random_seeds_101/user_085/true/BHSig260_user_085_true_3.png
BHSig260_Bengali_Sampled,Sampled,random_seeds_101,user_085,TRUE,4,../preprocessing/preprocessed_dataset/preprocessed/BHSig260_Bengali_Sampled/random_seeds_101/user_085/true/BHSig260_user_085_true_4.png
BHSig260_Bengali_Sampled,Sampled,random_seeds_101,user_085,TRUE,5,../preprocessing/preprocessed_dataset/preprocessed/BHSig260_Bengali_Sampled/random_seeds_101/user_085/true/BHSig260_user_085_true_5.png
BHSig260_Hindi_Sampled,Sampled,random_seeds_404,user_001,FORGED,1,../preprocessing/preprocessed_dataset/preprocessed/BHSig260_Hindi_Sampled/random_seeds_404/user_001/forge/BHSig260_user_001_forge_1.png
BHSig260_Hindi_Sampled,Sampled,random_seeds_404,user_001,FORGED,2,../preprocessing/preprocessed_dataset/preprocessed/BHSig260_Hindi_Sampled/random_seeds_404/user_001/forge/BHSig260_user_001_forge_2.png
BHSig260_Hindi_Sampled,Sampled,random_seeds_404,user_001,FORGED,3,../preprocessing/preprocessed_dataset/preprocessed/BHSig260_Hindi_Sampled/random_seeds_404/user_001/forge/BHSig260_user_001_forge_3.png
BHSig260_Hindi_Sampled,Sampled,random_seeds_404,user_001,FORGED,4,../preprocessing/preprocessed_dataset/preprocessed/BHSig260_Hindi_Sampled/random_seeds_404/user_001/forge/BHSig260_user_001_forge_4.png
BHSig260_Hindi_Sampled,Sampled,random_seeds_404,user_001,FORGED,5,../preprocessing/preprocessed_dataset/preprocessed/BHSig260_Hindi_Sampled/random_seeds_404/user_001/forge/BHSig260_user_001_forge_5.png
BHSig260_Hindi_Sampled,Sampled,random_seeds_404,user_001,TRUE,1,../preprocessing/preprocessed_dataset/preprocessed/BHSig260_Hindi_Sampled/random_seeds_404/user_001/true/BHSig260_user_001_true_1.png
BHSig260_Hindi_Sampled,Sampled,random_seeds_404,user_001,TRUE,2,../preprocessing/preprocessed_dataset/preprocessed/BHSig260_Hindi_Sampled/random_seeds_404/user_001/true/BHSig260_user_001_true_2.png
BHSig260_Hindi_Sampled,Sampled,random_seeds_404,user_001,TRUE,3,../preprocessing/preprocessed_dataset/preprocessed/BHSig260_Hindi_Sampled/random_seeds_404/user_001/true/BHSig260_user_001_true_3.png
BHSig260_Hindi_Sampled,Sampled,random_seeds_404,user_001,TRUE,4,../preprocessing/preprocessed_dataset/preprocessed/BHSig260_Hindi_Sampled/random_seeds_404/user_001/true/BHSig260_user_001_true_4.png
BHSig260_Hindi_Sampled,Sampled,random_seeds_404,user_001,TRUE,5,../preprocessing/preprocessed_dataset/preprocessed/BHSig260_Hindi_Sampled/random_seeds_404/user_001/true/BHSig260_user_001_true_5.png
BHSig260_Hindi_Sampled,Sampled,random_seeds_404,user_023,FORGED,1,../preprocessing/preprocessed_dataset/preprocessed/BHSig260_Hindi_Sampled/random_seeds_404/user_023/forge/BHSig260_user_023_forge_1.png
BHSig260_Hindi_Sampled,Sampled,random_seeds_404,user_023,FORGED,2,../preprocessing/preprocessed_dataset/preprocessed/BHSig260_Hindi_Sampled/random_seeds_404/user_023/forge/BHSig260_user_023_forge_2.png
BHSig260_Hindi_Sampled,Sampled,random_seeds_404,user_023,FORGED,3,../preprocessing/preprocessed_dataset/preprocessed/BHSig260_Hindi_Sampled/random_seeds_404/user_023/forge/BHSig260_user_023_forge_3.png
BHSig260_Hindi_Sampled,Sampled,random_seeds_404,user_023,FORGED,4,../preprocessing/preprocessed_dataset/preprocessed/BHSig260_Hindi_Sampled/random_seeds_404/user_023/forge/BHSig260_user_023_forge_4.png
BHSig260_Hindi_Sampled,Sampled,random_seeds_404,user_023,FORGED,5,../preprocessing/preprocessed_dataset/preprocessed/BHSig260_Hindi_Sampled/random_seeds_404/user_023/forge/BHSig260_user_023_forge_5.png
BHSig260_Hindi_Sampled,Sampled,random_seeds_404,user_023,TRUE,1,../preprocessing/preprocessed_dataset/preprocessed/BHSig260_Hindi_Sampled/random_seeds_404/user_023/true/BHSig260_user_023_true_1.png
BHSig260_Hindi_Sampled,Sampled,random_seeds_404,user_023,TRUE,2,../preprocessing/preprocessed_dataset/preprocessed/BHSig260_Hindi_Sampled/random_seeds_404/user_023/true/BHSig260_user_023_true_2.png
BHSig260_Hindi_Sampled,Sampled,random_seeds_404,user_023,TRUE,3,../preprocessing/preprocessed_dataset/preprocessed/BHSig260_Hindi_Sampled/random_seeds_404/user_023/true/BHSig260_user_023_true_3.png
BHSig260_Hindi_Sampled,Sampled,random_seeds_404,user_023,TRUE,4,../preprocessing/preprocessed_dataset/preprocessed/BHSig260_Hindi_Sampled/random_seeds_404/user_023/true/BHSig260_user_023_true_4.png
BHSig260_Hindi_Sampled,Sampled,random_seeds_404,user_023,TRUE,5,../preprocessing/preprocessed_dataset/preprocessed/BHSig260_Hindi_Sampled/random_seeds_404/user_023/true/BHSig260_user_023_true_5.png
BHSig260_Hindi_Sampled,Sampled,random_seeds_404,user_024,FORGED,1,../preprocessing/preprocessed_dataset/preprocessed/BHSig260_Hindi_Sampled/random_seeds_404/user_024/forge/BHSig260_user_024_forge_1.png
BHSig260_Hindi_Sampled,Sampled,random_seeds_404,user_024,FORGED,2,../preprocessing/preprocessed_dataset/preprocessed/BHSig260_Hindi_Sampled/random_seeds_404/user_024/forge/BHSig260_user_024_forge_2.png
BHSig260_Hindi_Sampled,Sampled,random_seeds_404,user_024,FORGED,3,../preprocessing/preprocessed_dataset/preprocessed/BHSig260_Hindi_Sampled/random_seeds_404/user_024/forge/BHSig260_user_024_forge_3.png
BHSig260_Hindi_Sampled,Sampled,random_seeds_404,user_024,FORGED,4,../preprocessing/preprocessed_dataset/preprocessed/BHSig260_Hindi_Sampled/random_seeds_404/user_024/forge/BHSig260_user_024_forge_4.png
BHSig260_Hindi_Sampled,Sampled,random_seeds_404,user_024,FORGED,5,../preprocessing/preprocessed_dataset/preprocessed/BHSig260_Hindi_Sampled/random_seeds_404/user_024/forge/BHSig260_user_024_forge_5.png
BHSig260_Hindi_Sampled,Sampled,random_seeds_404,user_024,TRUE,1,../preprocessing/preprocessed_dataset/preprocessed/BHSig260_Hindi_Sampled/random_seeds_404/user_024/true/BHSig260_user_024_true_1.png
BHSig260_Hindi_Sampled,Sampled,random_seeds_404,user_024,TRUE,2,../preprocessing/preprocessed_dataset/preprocessed/BHSig260_Hindi_Sampled/random_seeds_404/user_024/true/BHSig260_user_024_true_2.png
BHSig260_Hindi_Sampled,Sampled,random_seeds_404,user_024,TRUE,3,../preprocessing/preprocessed_dataset/preprocessed/BHSig260_Hindi_Sampled/random_seeds_404/user_024/true/BHSig260_user_024_true_3.png
BHSig260_Hindi_Sampled,Sampled,random_seeds_404,user_024,TRUE,4,../preprocessing/preprocessed_dataset/preprocessed/BHSig260_Hindi_Sampled/random_seeds_404/user_024/true/BHSig260_user_024_true_4.png
BHSig260_Hindi_Sampled,Sampled,random_seeds_404,user_024,TRUE,5,../preprocessing/preprocessed_dataset/preprocessed/BHSig260_Hindi_Sampled/random_seeds_404/user_024/true/BHSig260_user_024_true_5.png
BHSig260_Hindi_Sampled,Sampled,random_seeds_404,user_025,FORGED,1,../preprocessing/preprocessed_dataset/preprocessed/BHSig260_Hindi_Sampled/random_seeds_404/user_025/forge/BHSig260_user_025_forge_1.png
BHSig260_Hindi_Sampled,Sampled,random_seeds_404,user_025,FORGED,2,../preprocessing/preprocessed_dataset/preprocessed/BHSig260_Hindi_Sampled/random_seeds_404/user_025/forge/BHSig260_user_025_forge_2.png
BHSig260_Hindi_Sampled,Sampled,random_seeds_404,user_025,FORGED,3,../preprocessing/preprocessed_dataset/preprocessed/BHSig260_Hindi_Sampled/random_seeds_404/user_025/forge/BHSig260_user_025_forge_3.png
BHSig260_Hindi_Sampled,Sampled,random_seeds_404,user_025,FORGED,4,../preprocessing/preprocessed_dataset/preprocessed/BHSig260_Hindi_Sampled/random_seeds_404/user_025/forge/BHSig260_user_025_forge_4.png
BHSig260_Hindi_Sampled,Sampled,random_seeds_404,user_025,FORGED,5,../preprocessing/preprocessed_dataset/preprocessed/BHSig260_Hindi_Sampled/random_seeds_404/user_025/forge/BHSig260_user_025_forge_5.png
BHSig260_Hindi_Sampled,Sampled,random_seeds_404,user_025,TRUE,1,../preprocessing/preprocessed_dataset/preprocessed/BHSig260_Hindi_Sampled/random_seeds_404/user_025/true/BHSig260_user_025_true_1.png
BHSig260_Hindi_Sampled,Sampled,random_seeds_404,user_025,TRUE,2,../preprocessing/preprocessed_dataset/preprocessed/BHSig260_Hindi_Sampled/random_seeds_404/user_025/true/BHSig260_user_025_true_2.png
BHSig260_Hindi_Sampled,Sampled,random_seeds_404,user_025,TRUE,3,../preprocessing/preprocessed_dataset/preprocessed/BHSig260_Hindi_Sampled/random_seeds_404/user_025/true/BHSig260_user_025_true_3.png
BHSig260_Hindi_Sampled,Sampled,random_seeds_404,user_025,TRUE,4,../preprocessing/preprocessed_dataset/preprocessed/BHSig260_Hindi_Sampled/random_seeds_404/user_025/true/BHSig260_user_025_true_4.png
BHSig260_Hindi_Sampled,Sampled,random_seeds_404,user_025,TRUE,5,../preprocessing/preprocessed_dataset/preprocessed/BHSig260_Hindi_Sampled/random_seeds_404/user_025/true/BHSig260_user_025_true_5.png
BHSig260_Hindi_Sampled,Sampled,random_seeds_404,user_086,FORGED,1,../preprocessing/preprocessed_dataset/preprocessed/BHSig260_Hindi_Sampled/random_seeds_404/user_086/forge/BHSig260_user_086_forge_1.png
BHSig260_Hindi_Sampled,Sampled,random_seeds_404,user_086,FORGED,2,../preprocessing/preprocessed_dataset/preprocessed/BHSig260_Hindi_Sampled/random_seeds_404/user_086/forge/BHSig260_user_086_forge_2.png
BHSig260_Hindi_Sampled,Sampled,random_seeds_404,user_086,FORGED,3,../preprocessing/preprocessed_dataset/preprocessed/BHSig260_Hindi_Sampled/random_seeds_404/user_086/forge/BHSig260_user_086_forge_3.png
BHSig260_Hindi_Sampled,Sampled,random_seeds_404,user_086,FORGED,4,../preprocessing/preprocessed_dataset/preprocessed/BHSig260_Hindi_Sampled/random_seeds_404/user_086/forge/BHSig260_user_086_forge_4.png
BHSig260_Hindi_Sampled,Sampled,random_seeds_404,user_086,FORGED,5,../preprocessing/preprocessed_dataset/preprocessed/BHSig260_Hindi_Sampled/random_seeds_404/user_086/forge/BHSig260_user_086_forge_5.png
BHSig260_Hindi_Sampled,Sampled,random_seeds_404,user_086,TRUE,1,../preprocessing/preprocessed_dataset/preprocessed/BHSig260_Hindi_Sampled/random_seeds_404/user_086/true/BHSig260_user_086_true_1.png
BHSig260_Hindi_Sampled,Sampled,random_seeds_404,user_086,TRUE,2,../preprocessing/preprocessed_dataset/preprocessed/BHSig260_Hindi_Sampled/random_seeds_404/user_086/true/BHSig260_user_086_true_2.png
BHSig260_Hindi_Sampled,Sampled,random_seeds_404,user_086,TRUE,3,../preprocessing/preprocessed_dataset/preprocessed/BHSig260_Hindi_Sampled/random_seeds_404/user_086/true/BHSig260_user_086_true_3.png
BHSig260_Hindi_Sampled,Sampled,random_seeds_404,user_086,TRUE,4,../preprocessing/preprocessed_dataset/preprocessed/BHSig260_Hindi_Sampled/random_seeds_404/user_086/true/BHSig260_user_086_true_4.png
BHSig260_Hindi_Sampled,Sampled,random_seeds_404,user_086,TRUE,5,../preprocessing/preprocessed_dataset/preprocessed/BHSig260_Hindi_Sampled/random_seeds_404/user_086/true/BHSig260_user_086_true_5.png
BHSig260_Hindi_Sampled,Sampled,random_seeds_404,user_104,FORGED,1,../preprocessing/preprocessed_dataset/preprocessed/BHSig260_Hindi_Sampled/random_seeds_404/user_104/forge/BHSig260_user_104_forge_1.png
BHSig260_Hindi_Sampled,Sampled,random_seeds_404,user_104,FORGED,2,../preprocessing/preprocessed_dataset/preprocessed/BHSig260_Hindi_Sampled/random_seeds_404/user_104/forge/BHSig260_user_104_forge_2.png
BHSig260_Hindi_Sampled,Sampled,random_seeds_404,user_104,FORGED,3,../preprocessing/preprocessed_dataset/preprocessed/BHSig260_Hindi_Sampled/random_seeds_404/user_104/forge/BHSig260_user_104_forge_3.png
BHSig260_Hindi_Sampled,Sampled,random_seeds_404,user_104,FORGED,4,../preprocessing/preprocessed_dataset/preprocessed/BHSig260_Hindi_Sampled/random_seeds_404/user_104/forge/BHSig260_user_104_forge_4.png
BHSig260_Hindi_Sampled,Sampled,random_seeds_404,user_104,FORGED,5,../preprocessing/preprocessed_dataset/preprocessed/BHSig260_Hindi_Sampled/random_seeds_404/user_104/forge/BHSig260_user_104_forge_5.png
BHSig260_Hindi_Sampled,Sampled,random_seeds_404,user_104,TRUE,1,../preprocessing/preprocessed_dataset/preprocessed/BHSig260_Hindi_Sampled/random_seeds_404/user_104/true/BHSig260_user_104_true_1.png
BHSig260_Hindi_Sampled,Sampled,random_seeds_404,user_104,TRUE,2,../preprocessing/preprocessed_dataset/preprocessed/BHSig260_Hindi_Sampled/random_seeds_404/user_104/true/BHSig260_user_104_true_2.png
BHSig260_Hindi_Sampled,Sampled,random_seeds_404,user_104,TRUE,3,../preprocessing/preprocessed_dataset/preprocessed/BHSig260_Hindi_Sampled/random_seeds_404/user_104/true/BHSig260_user_104_true_3.png
BHSig260_Hindi_Sampled,Sampled,random_seeds_404,user_104,TRUE,4,../preprocessing/preprocessed_dataset/preprocessed/BHSig260_Hindi_Sampled/random_seeds_404/user_104/true/BHSig260_user_104_true_4.png
BHSig260_Hindi_Sampled,Sampled,random_seeds_404,user_104,TRUE,5,../preprocessing/preprocessed_dataset/preprocessed/BHSig260_Hindi_Sampled/random_seeds_404/user_104/true/BHSig260_user_104_true_5.png
BHSig260_Hindi_Sampled,Sampled,random_seeds_404,user_133,FORGED,1,../preprocessing/preprocessed_dataset/preprocessed/BHSig260_Hindi_Sampled/random_seeds_404/user_133/forge/BHSig260_user_133_forge_1.png
BHSig260_Hindi_Sampled,Sampled,random_seeds_404,user_133,FORGED,2,../preprocessing/preprocessed_dataset/preprocessed/BHSig260_Hindi_Sampled/random_seeds_404/user_133/forge/BHSig260_user_133_forge_2.png
BHSig260_Hindi_Sampled,Sampled,random_seeds_404,user_133,FORGED,3,../preprocessing/preprocessed_dataset/preprocessed/BHSig260_Hindi_Sampled/random_seeds_404/user_133/forge/BHSig260_user_133_forge_3.png
BHSig260_Hindi_Sampled,Sampled,random_seeds_404,user_133,FORGED,4,../preprocessing/preprocessed_dataset/preprocessed/BHSig260_Hindi_Sampled/random_seeds_404/user_133/forge/BHSig260_user_133_forge_4.png
BHSig260_Hindi_Sampled,Sampled,random_seeds_404,user_133,FORGED,5,../preprocessing/preprocessed_dataset/preprocessed/BHSig260_Hindi_Sampled/random_seeds_404/user_133/forge/BHSig260_user_133_forge_5.png
BHSig260_Hindi_Sampled,Sampled,random_seeds_404,user_133,TRUE,1,../preprocessing/preprocessed_dataset/preprocessed/BHSig260_Hindi_Sampled/random_seeds_404/user_133/true/BHSig260_user_133_true_1.png
BHSig260_Hindi_Sampled,Sampled,random_seeds_404,user_133,TRUE,2,../preprocessing/preprocessed_dataset/preprocessed/BHSig260_Hindi_Sampled/random_seeds_404/user_133/true/BHSig260_user_133_true_2.png
BHSig260_Hindi_Sampled,Sampled,random_seeds_404,user_133,TRUE,3,../preprocessing/preprocessed_dataset/preprocessed/BHSig260_Hindi_Sampled/random_seeds_404/user_133/true/BHSig260_user_133_true_3.png
BHSig260_Hindi_Sampled,Sampled,random_seeds_404,user_133,TRUE,4,../preprocessing/preprocessed_dataset/preprocessed/BHSig260_Hindi_Sampled/random_seeds_404/user_133/true/BHSig260_user_133_true_4.png
BHSig260_Hindi_Sampled,Sampled,random_seeds_404,user_133,TRUE,5,../preprocessing/preprocessed_dataset/preprocessed/BHSig260_Hindi_Sampled/random_seeds_404/user_133/true/BHSig260_user_133_true_5.png
BHSig260_Hindi_Sampled,Sampled,random_seeds_404,user_153,FORGED,1,../preprocessing/preprocessed_dataset/preprocessed/BHSig260_Hindi_Sampled/random_seeds_404/user_153/forge/BHSig260_user_153_forge_1.png
BHSig260_Hindi_Sampled,Sampled,random_seeds_404,user_153,FORGED,2,../preprocessing/preprocessed_dataset/preprocessed/BHSig260_Hindi_Sampled/random_seeds_404/user_153/forge/BHSig260_user_153_forge_2.png
BHSig260_Hindi_Sampled,Sampled,random_seeds_404,user_153,FORGED,3,../preprocessing/preprocessed_dataset/preprocessed/BHSig260_Hindi_Sampled/random_seeds_404/user_153/forge/BHSig260_user_153_forge_3.png
BHSig260_Hindi_Sampled,Sampled,random_seeds_404,user_153,FORGED,4,../preprocessing/preprocessed_dataset/preprocessed/BHSig260_Hindi_Sampled/random_seeds_404/user_153/forge/BHSig260_user_153_forge_4.png
BHSig260_Hindi_Sampled,Sampled,random_seeds_404,user_153,FORGED,5,../preprocessing/preprocessed_dataset/preprocessed/BHSig260_Hindi_Sampled/random_seeds_404/user_153/forge/BHSig260_user_153_forge_5.png
BHSig260_Hindi_Sampled,Sampled,random_seeds_404,user_153,TRUE,1,../preprocessing/preprocessed_dataset/preprocessed/BHSig260_Hindi_Sampled/random_seeds_404/user_153/true/BHSig260_user_153_true_1.png
BHSig260_Hindi_Sampled,Sampled,random_seeds_404,user_153,TRUE,2,../preprocessing/preprocessed_dataset/preprocessed/BHSig260_Hindi_Sampled/random_seeds_404/user_153/true/BHSig260_user_153_true_2.png
BHSig260_Hindi_Sampled,Sampled,random_seeds_404,user_153,TRUE,3,../preprocessing/preprocessed_dataset/preprocessed/BHSig260_Hindi_Sampled/random_seeds_404/user_153/true/BHSig260_user_153_true_3.png
BHSig260_Hindi_Sampled,Sampled,random_seeds_404,user_153,TRUE,4,../preprocessing/preprocessed_dataset/preprocessed/BHSig260_Hindi_Sampled/random_seeds_404/user_153/true/BHSig260_user_153_true_4.png
BHSig260_Hindi_Sampled,Sampled,random_seeds_404,user_153,TRUE,5,../preprocessing/preprocessed_dataset/preprocessed/BHSig260_Hindi_Sampled/random_seeds_404/user_153/true/BHSig260_user_153_true_5.png
CEDAR_Sampled,Sampled,random_seeds_123,person_002,FORGED,1,../preprocessing/preprocessed_dataset/preprocessed/CEDAR_Sampled/random_seeds_123/person_002/forge/Cedar_person002_forge_1.png
CEDAR_Sampled,Sampled,random_seeds_123,person_002,FORGED,2,../preprocessing/preprocessed_dataset/preprocessed/CEDAR_Sampled/random_seeds_123/person_002/forge/Cedar_person002_forge_2.png
CEDAR_Sampled,Sampled,random_seeds_123,person_002,FORGED,3,../preprocessing/preprocessed_dataset/preprocessed/CEDAR_Sampled/random_seeds_123/person_002/forge/Cedar_person002_forge_3.png
CEDAR_Sampled,Sampled,random_seeds_123,person_002,FORGED,4,../preprocessing/preprocessed_dataset/preprocessed/CEDAR_Sampled/random_seeds_123/person_002/forge/Cedar_person002_forge_4.png
CEDAR_Sampled,Sampled,random_seeds_123,person_002,FORGED,5,../preprocessing/preprocessed_dataset/preprocessed/CEDAR_Sampled/random_seeds_123/person_002/forge/Cedar_person002_forge_5.png
CEDAR_Sampled,Sampled,random_seeds_123,person_002,TRUE,1,../preprocessing/preprocessed_dataset/preprocessed/CEDAR_Sampled/random_seeds_123/person_002/true/Cedar_person002_true_1.png
CEDAR_Sampled,Sampled,random_seeds_123,person_002,TRUE,2,../preprocessing/preprocessed_dataset/preprocessed/CEDAR_Sampled/random_seeds_123/person_002/true/Cedar_person002_true_2.png
CEDAR_Sampled,Sampled,random_seeds_123,person_002,TRUE,3,../preprocessing/preprocessed_dataset/preprocessed/CEDAR_Sampled/random_seeds_123/person_002/true/Cedar_person002_true_3.png
CEDAR_Sampled,Sampled,random_seeds_123,person_002,TRUE,4,../preprocessing/preprocessed_dataset/preprocessed/CEDAR_Sampled/random_seeds_123/person_002/true/Cedar_person002_true_4.png
CEDAR_Sampled,Sampled,random_seeds_123,person_002,TRUE,5,../preprocessing/preprocessed_dataset/preprocessed/CEDAR_Sampled/random_seeds_123/person_002/true/Cedar_person002_true_5.png
CEDAR_Sampled,Sampled,random_seeds_123,person_012,FORGED,1,../preprocessing/preprocessed_dataset/preprocessed/CEDAR_Sampled/random_seeds_123/person_012/forge/Cedar_person012_forge_1.png
CEDAR_Sampled,Sampled,random_seeds_123,person_012,FORGED,2,../preprocessing/preprocessed_dataset/preprocessed/CEDAR_Sampled/random_seeds_123/person_012/forge/Cedar_person012_forge_2.png
CEDAR_Sampled,Sampled,random_seeds_123,person_012,FORGED,3,../preprocessing/preprocessed_dataset/preprocessed/CEDAR_Sampled/random_seeds_123/person_012/forge/Cedar_person012_forge_3.png
CEDAR_Sampled,Sampled,random_seeds_123,person_012,FORGED,4,../preprocessing/preprocessed_dataset/preprocessed/CEDAR_Sampled/random_seeds_123/person_012/forge/Cedar_person012_forge_4.png
CEDAR_Sampled,Sampled,random_seeds_123,person_012,FORGED,5,../preprocessing/preprocessed_dataset/preprocessed/CEDAR_Sampled/random_seeds_123/person_012/forge/Cedar_person012_forge_5.png
CEDAR_Sampled,Sampled,random_seeds_123,person_012,TRUE,1,../preprocessing/preprocessed_dataset/preprocessed/CEDAR_Sampled/random_seeds_123/person_012/true/Cedar_person012_true_1.png
CEDAR_Sampled,Sampled,random_seeds_123,person_012,TRUE,2,../preprocessing/preprocessed_dataset/preprocessed/CEDAR_Sampled/random_seeds_123/person_012/true/Cedar_person012_true_2.png
CEDAR_Sampled,Sampled,random_seeds_123,person_012,TRUE,3,../preprocessing/preprocessed_dataset/preprocessed/CEDAR_Sampled/random_seeds_123/person_012/true/Cedar_person012_true_3.png
CEDAR_Sampled,Sampled,random_seeds_123,person_012,TRUE,4,../preprocessing/preprocessed_dataset/preprocessed/CEDAR_Sampled/random_seeds_123/person_012/true/Cedar_person012_true_4.png
CEDAR_Sampled,Sampled,random_seeds_123,person_012,TRUE,5,../preprocessing/preprocessed_dataset/preprocessed/CEDAR_Sampled/random_seeds_123/person_012/true/Cedar_person012_true_5.png
CEDAR_Sampled,Sampled,random_seeds_123,person_013,FORGED,1,../preprocessing/preprocessed_dataset/preprocessed/CEDAR_Sampled/random_seeds_123/person_013/forge/Cedar_person013_forge_1.png
CEDAR_Sampled,Sampled,random_seeds_123,person_013,FORGED,2,../preprocessing/preprocessed_dataset/preprocessed/CEDAR_Sampled/random_seeds_123/person_013/forge/Cedar_person013_forge_2.png
CEDAR_Sampled,Sampled,random_seeds_123,person_013,FORGED,3,../preprocessing/preprocessed_dataset/preprocessed/CEDAR_Sampled/random_seeds_123/person_013/forge/Cedar_person013_forge_3.png
CEDAR_Sampled,Sampled,random_seeds_123,person_013,FORGED,4,../preprocessing/preprocessed_dataset/preprocessed/CEDAR_Sampled/random_seeds_123/person_013/forge/Cedar_person013_forge_4.png
CEDAR_Sampled,Sampled,random_seeds_123,person_013,FORGED,5,../preprocessing/preprocessed_dataset/preprocessed/CEDAR_Sampled/random_seeds_123/person_013/forge/Cedar_person013_forge_5.png
CEDAR_Sampled,Sampled,random_seeds_123,person_013,TRUE,1,../preprocessing/preprocessed_dataset/preprocessed/CEDAR_Sampled/random_seeds_123/person_013/true/Cedar_person013_true_1.png
CEDAR_Sampled,Sampled,random_seeds_123,person_013,TRUE,2,../preprocessing/preprocessed_dataset/preprocessed/CEDAR_Sampled/random_seeds_123/person_013/true/Cedar_person013_true_2.png
CEDAR_Sampled,Sampled,random_seeds_123,person_013,TRUE,3,../preprocessing/preprocessed_dataset/preprocessed/CEDAR_Sampled/random_seeds_123/person_013/true/Cedar_person013_true_3.png
CEDAR_Sampled,Sampled,random_seeds_123,person_013,TRUE,4,../preprocessing/preprocessed_dataset/preprocessed/CEDAR_Sampled/random_seeds_123/person_013/true/Cedar_person013_true_4.png
CEDAR_Sampled,Sampled,random_seeds_123,person_013,TRUE,5,../preprocessing/preprocessed_dataset/preprocessed/CEDAR_Sampled/random_seeds_123/person_013/true/Cedar_person013_true_5.png
CEDAR_Sampled,Sampled,random_seeds_123,person_018,FORGED,1,../preprocessing/preprocessed_dataset/preprocessed/CEDAR_Sampled/random_seeds_123/person_018/forge/Cedar_person018_forge_1.png
CEDAR_Sampled,Sampled,random_seeds_123,person_018,FORGED,2,../preprocessing/preprocessed_dataset/preprocessed/CEDAR_Sampled/random_seeds_123/person_018/forge/Cedar_person018_forge_2.png
CEDAR_Sampled,Sampled,random_seeds_123,person_018,FORGED,3,../preprocessing/preprocessed_dataset/preprocessed/CEDAR_Sampled/random_seeds_123/person_018/forge/Cedar_person018_forge_3.png
CEDAR_Sampled,Sampled,random_seeds_123,person_018,FORGED,4,../preprocessing/preprocessed_dataset/preprocessed/CEDAR_Sampled/random_seeds_123/person_018/forge/Cedar_person018_forge_4.png
CEDAR_Sampled,Sampled,random_seeds_123,person_018,FORGED,5,../preprocessing/preprocessed_dataset/preprocessed/CEDAR_Sampled/random_seeds_123/person_018/forge/Cedar_person018_forge_5.png
CEDAR_Sampled,Sampled,random_seeds_123,person_018,TRUE,1,../preprocessing/preprocessed_dataset/preprocessed/CEDAR_Sampled/random_seeds_123/person_018/true/Cedar_person018_true_1.png
CEDAR_Sampled,Sampled,random_seeds_123,person_018,TRUE,2,../preprocessing/preprocessed_dataset/preprocessed/CEDAR_Sampled/random_seeds_123/person_018/true/Cedar_person018_true_2.png
CEDAR_Sampled,Sampled,random_seeds_123,person_018,TRUE,3,../preprocessing/preprocessed_dataset/preprocessed/CEDAR_Sampled/random_seeds_123/person_018/true/Cedar_person018_true_3.png
CEDAR_Sampled,Sampled,random_seeds_123,person_018,TRUE,4,../preprocessing/preprocessed_dataset/preprocessed/CEDAR_Sampled/random_seeds_123/person_018/true/Cedar_person018_true_4.png
CEDAR_Sampled,Sampled,random_seeds_123,person_018,TRUE,5,../preprocessing/preprocessed_dataset/preprocessed/CEDAR_Sampled/random_seeds_123/person_018/true/Cedar_person018_true_5.png
CEDAR_Sampled,Sampled,random_seeds_123,person_020,FORGED,1,../preprocessing/preprocessed_dataset/preprocessed/CEDAR_Sampled/random_seeds_123/person_020/forge/Cedar_person020_forge_1.png
CEDAR_Sampled,Sampled,random_seeds_123,person_020,FORGED,2,../preprocessing/preprocessed_dataset/preprocessed/CEDAR_Sampled/random_seeds_123/person_020/forge/Cedar_person020_forge_2.png
CEDAR_Sampled,Sampled,random_seeds_123,person_020,FORGED,3,../preprocessing/preprocessed_dataset/preprocessed/CEDAR_Sampled/random_seeds_123/person_020/forge/Cedar_person020_forge_3.png
CEDAR_Sampled,Sampled,random_seeds_123,person_020,FORGED,4,../preprocessing/preprocessed_dataset/preprocessed/CEDAR_Sampled/random_seeds_123/person_020/forge/Cedar_person020_forge_4.png
CEDAR_Sampled,Sampled,random_seeds_123,person_020,FORGED,5,../preprocessing/preprocessed_dataset/preprocessed/CEDAR_Sampled/random_seeds_123/person_020/forge/Cedar_person020_forge_5.png
CEDAR_Sampled,Sampled,random_seeds_123,person_020,TRUE,1,../preprocessing/preprocessed_dataset/preprocessed/CEDAR_Sampled/random_seeds_123/person_020/true/Cedar_person020_true_1.png
CEDAR_Sampled,Sampled,random_seeds_123,person_020,TRUE,2,../preprocessing/preprocessed_dataset/preprocessed/CEDAR_Sampled/random_seeds_123/person_020/true/Cedar_person020_true_2.png
CEDAR_Sampled,Sampled,random_seeds_123,person_020,TRUE,3,../preprocessing/preprocessed_dataset/preprocessed/CEDAR_Sampled/random_seeds_123/person_020/true/Cedar_person020_true_3.png
CEDAR_Sampled,Sampled,random_seeds_123,person_020,TRUE,4,../preprocessing/preprocessed_dataset/preprocessed/CEDAR_Sampled/random_seeds_123/person_020/true/Cedar_person020_true_4.png
CEDAR_Sampled,Sampled,random_seeds_123,person_020,TRUE,5,../preprocessing/preprocessed_dataset/preprocessed/CEDAR_Sampled/random_seeds_123/person_020/true/Cedar_person020_true_5.png
CEDAR_Sampled,Sampled,random_seeds_123,person_032,FORGED,1,../preprocessing/preprocessed_dataset/preprocessed/CEDAR_Sampled/random_seeds_123/person_032/forge/Cedar_person032_forge_1.png
CEDAR_Sampled,Sampled,random_seeds_123,person_032,FORGED,2,../preprocessing/preprocessed_dataset/preprocessed/CEDAR_Sampled/random_seeds_123/person_032/forge/Cedar_person032_forge_2.png
CEDAR_Sampled,Sampled,random_seeds_123,person_032,FORGED,3,../preprocessing/preprocessed_dataset/preprocessed/CEDAR_Sampled/random_seeds_123/person_032/forge/Cedar_person032_forge_3.png
CEDAR_Sampled,Sampled,random_seeds_123,person_032,FORGED,4,../preprocessing/preprocessed_dataset/preprocessed/CEDAR_Sampled/random_seeds_123/person_032/forge/Cedar_person032_forge_4.png
CEDAR_Sampled,Sampled,random_seeds_123,person_032,FORGED,5,../preprocessing/preprocessed_dataset/preprocessed/CEDAR_Sampled/random_seeds_123/person_032/forge/Cedar_person032_forge_5.png
CEDAR_Sampled,Sampled,random_seeds_123,person_032,TRUE,1,../preprocessing/preprocessed_dataset/preprocessed/CEDAR_Sampled/random_seeds_123/person_032/true/Cedar_person032_true_1.png
CEDAR_Sampled,Sampled,random_seeds_123,person_032,TRUE,2,../preprocessing/preprocessed_dataset/preprocessed/CEDAR_Sampled/random_seeds_123/person_032/true/Cedar_person032_true_2.png
CEDAR_Sampled,Sampled,random_seeds_123,person_032,TRUE,3,../preprocessing/preprocessed_dataset/preprocessed/CEDAR_Sampled/random_seeds_123/person_032/true/Cedar_person032_true_3.png
CEDAR_Sampled,Sampled,random_seeds_123,person_032,TRUE,4,../preprocessing/preprocessed_dataset/preprocessed/CEDAR_Sampled/random_seeds_123/person_032/true/Cedar_person032_true_4.png
CEDAR_Sampled,Sampled,random_seeds_123,person_032,TRUE,5,../preprocessing/preprocessed_dataset/preprocessed/CEDAR_Sampled/random_seeds_123/person_032/true/Cedar_person032_true_5.png
CEDAR_Sampled,Sampled,random_seeds_123,person_036,FORGED,1,../preprocessing/preprocessed_dataset/preprocessed/CEDAR_Sampled/random_seeds_123/person_036/forge/Cedar_person036_forge_1.png
CEDAR_Sampled,Sampled,random_seeds_123,person_036,FORGED,2,../preprocessing/preprocessed_dataset/preprocessed/CEDAR_Sampled/random_seeds_123/person_036/forge/Cedar_person036_forge_2.png
CEDAR_Sampled,Sampled,random_seeds_123,person_036,FORGED,3,../preprocessing/preprocessed_dataset/preprocessed/CEDAR_Sampled/random_seeds_123/person_036/forge/Cedar_person036_forge_3.png
CEDAR_Sampled,Sampled,random_seeds_123,person_036,FORGED,4,../preprocessing/preprocessed_dataset/preprocessed/CEDAR_Sampled/random_seeds_123/person_036/forge/Cedar_person036_forge_4.png
CEDAR_Sampled,Sampled,random_seeds_123,person_036,FORGED,5,../preprocessing/preprocessed_dataset/preprocessed/CEDAR_Sampled/random_seeds_123/person_036/forge/Cedar_person036_forge_5.png
CEDAR_Sampled,Sampled,random_seeds_123,person_036,TRUE,1,../preprocessing/preprocessed_dataset/preprocessed/CEDAR_Sampled/random_seeds_123/person_036/true/Cedar_person036_true_1.png
CEDAR_Sampled,Sampled,random_seeds_123,person_036,TRUE,2,../preprocessing/preprocessed_dataset/preprocessed/CEDAR_Sampled/random_seeds_123/person_036/true/Cedar_person036_true_2.png
CEDAR_Sampled,Sampled,random_seeds_123,person_036,TRUE,3,../preprocessing/preprocessed_dataset/preprocessed/CEDAR_Sampled/random_seeds_123/person_036/true/Cedar_person036_true_3.png
CEDAR_Sampled,Sampled,random_seeds_123,person_036,TRUE,4,../preprocessing/preprocessed_dataset/preprocessed/CEDAR_Sampled/random_seeds_123/person_036/true/Cedar_person036_true_4.png
CEDAR_Sampled,Sampled,random_seeds_123,person_036,TRUE,5,../preprocessing/preprocessed_dataset/preprocessed/CEDAR_Sampled/random_seeds_123/person_036/true/Cedar_person036_true_5.png
CEDAR_Sampled,Sampled,random_seeds_123,person_041,FORGED,1,../preprocessing/preprocessed_dataset/preprocessed/CEDAR_Sampled/random_seeds_123/person_041/forge/Cedar_person041_forge_1.png
CEDAR_Sampled,Sampled,random_seeds_123,person_041,FORGED,2,../preprocessing/preprocessed_dataset/preprocessed/CEDAR_Sampled/random_seeds_123/person_041/forge/Cedar_person041_forge_2.png
CEDAR_Sampled,Sampled,random_seeds_123,person_041,FORGED,3,../preprocessing/preprocessed_dataset/preprocessed/CEDAR_Sampled/random_seeds_123/person_041/forge/Cedar_person041_forge_3.png
CEDAR_Sampled,Sampled,random_seeds_123,person_041,FORGED,4,../preprocessing/preprocessed_dataset/preprocessed/CEDAR_Sampled/random_seeds_123/person_041/forge/Cedar_person041_forge_4.png
CEDAR_Sampled,Sampled,random_seeds_123,person_041,FORGED,5,../preprocessing/preprocessed_dataset/preprocessed/CEDAR_Sampled/random_seeds_123/person_041/forge/Cedar_person041_forge_5.png
CEDAR_Sampled,Sampled,random_seeds_123,person_041,TRUE,1,../preprocessing/preprocessed_dataset/preprocessed/CEDAR_Sampled/random_seeds_123/person_041/true/Cedar_person041_true_1.png
CEDAR_Sampled,Sampled,random_seeds_123,person_041,TRUE,2,../preprocessing/preprocessed_dataset/preprocessed/CEDAR_Sampled/random_seeds_123/person_041/true/Cedar_person041_true_2.png
CEDAR_Sampled,Sampled,random_seeds_123,person_041,TRUE,3,../preprocessing/preprocessed_dataset/preprocessed/CEDAR_Sampled/random_seeds_123/person_041/true/Cedar_person041_true_3.png
CEDAR_Sampled,Sampled,random_seeds_123,person_041,TRUE,4,../preprocessing/preprocessed_dataset/preprocessed/CEDAR_Sampled/random_seeds_123/person_041/true/Cedar_person041_true_4.png
CEDAR_Sampled,Sampled,random_seeds_123,person_041,TRUE,5,../preprocessing/preprocessed_dataset/preprocessed/CEDAR_Sampled/random_seeds_123/person_041/true/Cedar_person041_true_5.png
CEDAR_Sampled,Sampled,random_seeds_123,person_044,FORGED,1,../preprocessing/preprocessed_dataset/preprocessed/CEDAR_Sampled/random_seeds_123/person_044/forge/Cedar_person044_forge_1.png
CEDAR_Sampled,Sampled,random_seeds_123,person_044,FORGED,2,../preprocessing/preprocessed_dataset/preprocessed/CEDAR_Sampled/random_seeds_123/person_044/forge/Cedar_person044_forge_2.png
CEDAR_Sampled,Sampled,random_seeds_123,person_044,FORGED,3,../preprocessing/preprocessed_dataset/preprocessed/CEDAR_Sampled/random_seeds_123/person_044/forge/Cedar_person044_forge_3.png
CEDAR_Sampled,Sampled,random_seeds_123,person_044,FORGED,4,../preprocessing/preprocessed_dataset/preprocessed/CEDAR_Sampled/random_seeds_123/person_044/forge/Cedar_person044_forge_4.png
CEDAR_Sampled,Sampled,random_seeds_123,person_044,FORGED,5,../preprocessing/preprocessed_dataset/preprocessed/CEDAR_Sampled/random_seeds_123/person_044/forge/Cedar_person044_forge_5.png
CEDAR_Sampled,Sampled,random_seeds_123,person_044,TRUE,1,../preprocessing/preprocessed_dataset/preprocessed/CEDAR_Sampled/random_seeds_123/person_044/true/Cedar_person044_true_1.png
CEDAR_Sampled,Sampled,random_seeds_123,person_044,TRUE,2,../preprocessing/preprocessed_dataset/preprocessed/CEDAR_Sampled/random_seeds_123/person_044/true/Cedar_person044_true_2.png
CEDAR_Sampled,Sampled,random_seeds_123,person_044,TRUE,3,../preprocessing/preprocessed_dataset/preprocessed/CEDAR_Sampled/random_seeds_123/person_044/true/Cedar_person044_true_3.png
CEDAR_Sampled,Sampled,random_seeds_123,person_044,TRUE,4,../preprocessing/preprocessed_dataset/preprocessed/CEDAR_Sampled/random_seeds_123/person_044/true/Cedar_person044_true_4.png
CEDAR_Sampled,Sampled,random_seeds_123,person_044,TRUE,5,../preprocessing/preprocessed_dataset/preprocessed/CEDAR_Sampled/random_seeds_123/person_044/true/Cedar_person044_true_5.png
Hansig_Sampled,Sampled,random_seeds_555,person_217,FORGED,1,../preprocessing/preprocessed_dataset/preprocessed/Hansig_Sampled/random_seeds_555/person_217/forge/Cedar_person_217_forge_1.jpg
Hansig_Sampled,Sampled,random_seeds_555,person_217,FORGED,2,../preprocessing/preprocessed_dataset/preprocessed/Hansig_Sampled/random_seeds_555/person_217/forge/Cedar_person_217_forge_2.jpg
Hansig_Sampled,Sampled,random_seeds_555,person_217,FORGED,3,../preprocessing/preprocessed_dataset/preprocessed/Hansig_Sampled/random_seeds_555/person_217/forge/Cedar_person_217_forge_3.jpg
Hansig_Sampled,Sampled,random_seeds_555,person_217,FORGED,4,../preprocessing/preprocessed_dataset/preprocessed/Hansig_Sampled/random_seeds_555/person_217/forge/Cedar_person_217_forge_4.jpg
Hansig_Sampled,Sampled,random_seeds_555,person_217,FORGED,5,../preprocessing/preprocessed_dataset/preprocessed/Hansig_Sampled/random_seeds_555/person_217/forge/Cedar_person_217_forge_5.jpg
Hansig_Sampled,Sampled,random_seeds_555,person_217,TRUE,1,../preprocessing/preprocessed_dataset/preprocessed/Hansig_Sampled/random_seeds_555/person_217/true/Cedar_person_217_true_1.jpg
Hansig_Sampled,Sampled,random_seeds_555,person_217,TRUE,2,../preprocessing/preprocessed_dataset/preprocessed/Hansig_Sampled/random_seeds_555/person_217/true/Cedar_person_217_true_2.jpg
Hansig_Sampled,Sampled,random_seeds_555,person_217,TRUE,3,../preprocessing/preprocessed_dataset/preprocessed/Hansig_Sampled/random_seeds_555/person_217/true/Cedar_person_217_true_3.jpg
Hansig_Sampled,Sampled,random_seeds_555,person_217,TRUE,4,../preprocessing/preprocessed_dataset/preprocessed/Hansig_Sampled/random_seeds_555/person_217/true/Cedar_person_217_true_4.jpg
Hansig_Sampled,Sampled,random_seeds_555,person_217,TRUE,5,../preprocessing/preprocessed_dataset/preprocessed/Hansig_Sampled/random_seeds_555/person_217/true/Cedar_person_217_true_5.jpg
Hansig_Sampled,Sampled,random_seeds_555,person_247,FORGED,1,../preprocessing/preprocessed_dataset/preprocessed/Hansig_Sampled/random_seeds_555/person_247/forge/Cedar_person_247_forge_1.jpg
Hansig_Sampled,Sampled,random_seeds_555,person_247,FORGED,2,../preprocessing/preprocessed_dataset/preprocessed/Hansig_Sampled/random_seeds_555/person_247/forge/Cedar_person_247_forge_2.jpg
Hansig_Sampled,Sampled,random_seeds_555,person_247,FORGED,3,../preprocessing/preprocessed_dataset/preprocessed/Hansig_Sampled/random_seeds_555/person_247/forge/Cedar_person_247_forge_3.jpg
Hansig_Sampled,Sampled,random_seeds_555,person_247,FORGED,4,../preprocessing/preprocessed_dataset/preprocessed/Hansig_Sampled/random_seeds_555/person_247/forge/Cedar_person_247_forge_4.jpg
Hansig_Sampled,Sampled,random_seeds_555,person_247,FORGED,5,../preprocessing/preprocessed_dataset/preprocessed/Hansig_Sampled/random_seeds_555/person_247/forge/Cedar_person_247_forge_5.jpg
Hansig_Sampled,Sampled,random_seeds_555,person_247,TRUE,1,../preprocessing/preprocessed_dataset/preprocessed/Hansig_Sampled/random_seeds_555/person_247/true/Cedar_person_247_true_1.jpg
Hansig_Sampled,Sampled,random_seeds_555,person_247,TRUE,2,../preprocessing/preprocessed_dataset/preprocessed/Hansig_Sampled/random_seeds_555/person_247/true/Cedar_person_247_true_2.jpg
Hansig_Sampled,Sampled,random_seeds_555,person_247,TRUE,3,../preprocessing/preprocessed_dataset/preprocessed/Hansig_Sampled/random_seeds_555/person_247/true/Cedar_person_247_true_3.jpg
Hansig_Sampled,Sampled,random_seeds_555,person_247,TRUE,4,../preprocessing/preprocessed_dataset/preprocessed/Hansig_Sampled/random_seeds_555/person_247/true/Cedar_person_247_true_4.jpg
Hansig_Sampled,Sampled,random_seeds_555,person_247,TRUE,5,../preprocessing/preprocessed_dataset/preprocessed/Hansig_Sampled/random_seeds_555/person_247/true/Cedar_person_247_true_5.jpg
Hansig_Sampled,Sampled,random_seeds_555,person_277,FORGED,1,../preprocessing/preprocessed_dataset/preprocessed/Hansig_Sampled/random_seeds_555/person_277/forge/Cedar_person_277_forge_1.jpg
Hansig_Sampled,Sampled,random_seeds_555,person_277,FORGED,2,../preprocessing/preprocessed_dataset/preprocessed/Hansig_Sampled/random_seeds_555/person_277/forge/Cedar_person_277_forge_2.jpg
Hansig_Sampled,Sampled,random_seeds_555,person_277,FORGED,3,../preprocessing/preprocessed_dataset/preprocessed/Hansig_Sampled/random_seeds_555/person_277/forge/Cedar_person_277_forge_3.jpg
Hansig_Sampled,Sampled,random_seeds_555,person_277,FORGED,4,../preprocessing/preprocessed_dataset/preprocessed/Hansig_Sampled/random_seeds_555/person_277/forge/Cedar_person_277_forge_4.jpg
Hansig_Sampled,Sampled,random_seeds_555,person_277,FORGED,5,../preprocessing/preprocessed_dataset/preprocessed/Hansig_Sampled/random_seeds_555/person_277/forge/Cedar_person_277_forge_5.jpg
Hansig_Sampled,Sampled,random_seeds_555,person_277,TRUE,1,../preprocessing/preprocessed_dataset/preprocessed/Hansig_Sampled/random_seeds_555/person_277/true/Cedar_person_277_true_1.jpg
Hansig_Sampled,Sampled,random_seeds_555,person_277,TRUE,2,../preprocessing/preprocessed_dataset/preprocessed/Hansig_Sampled/random_seeds_555/person_277/true/Cedar_person_277_true_2.jpg
Hansig_Sampled,Sampled,random_seeds_555,person_277,TRUE,3,../preprocessing/preprocessed_dataset/preprocessed/Hansig_Sampled/random_seeds_555/person_277/true/Cedar_person_277_true_3.jpg
Hansig_Sampled,Sampled,random_seeds_555,person_277,TRUE,4,../preprocessing/preprocessed_dataset/preprocessed/Hansig_Sampled/random_seeds_555/person_277/true/Cedar_person_277_true_4.jpg
Hansig_Sampled,Sampled,random_seeds_555,person_277,TRUE,5,../preprocessing/preprocessed_dataset/preprocessed/Hansig_Sampled/random_seeds_555/person_277/true/Cedar_person_277_true_5.jpg
Hansig_Sampled,Sampled,random_seeds_555,person_352,FORGED,1,../preprocessing/preprocessed_dataset/preprocessed/Hansig_Sampled/random_seeds_555/person_352/forge/Cedar_person_352_forge_1.jpg
Hansig_Sampled,Sampled,random_seeds_555,person_352,FORGED,2,../preprocessing/preprocessed_dataset/preprocessed/Hansig_Sampled/random_seeds_555/person_352/forge/Cedar_person_352_forge_2.jpg
Hansig_Sampled,Sampled,random_seeds_555,person_352,FORGED,3,../preprocessing/preprocessed_dataset/preprocessed/Hansig_Sampled/random_seeds_555/person_352/forge/Cedar_person_352_forge_3.jpg
Hansig_Sampled,Sampled,random_seeds_555,person_352,FORGED,4,../preprocessing/preprocessed_dataset/preprocessed/Hansig_Sampled/random_seeds_555/person_352/forge/Cedar_person_352_forge_4.jpg
Hansig_Sampled,Sampled,random_seeds_555,person_352,FORGED,5,../preprocessing/preprocessed_dataset/preprocessed/Hansig_Sampled/random_seeds_555/person_352/forge/Cedar_person_352_forge_5.jpg
Hansig_Sampled,Sampled,random_seeds_555,person_352,TRUE,1,../preprocessing/preprocessed_dataset/preprocessed/Hansig_Sampled/random_seeds_555/person_352/true/Cedar_person_352_true_1.jpg
Hansig_Sampled,Sampled,random_seeds_555,person_352,TRUE,2,../preprocessing/preprocessed_dataset/preprocessed/Hansig_Sampled/random_seeds_555/person_352/true/Cedar_person_352_true_2.jpg
Hansig_Sampled,Sampled,random_seeds_555,person_352,TRUE,3,../preprocessing/preprocessed_dataset/preprocessed/Hansig_Sampled/random_seeds_555/person_352/true/Cedar_person_352_true_3.jpg
Hansig_Sampled,Sampled,random_seeds_555,person_352,TRUE,4,../preprocessing/preprocessed_dataset/preprocessed/Hansig_Sampled/random_seeds_555/person_352/true/Cedar_person_352_true_4.jpg
Hansig_Sampled,Sampled,random_seeds_555,person_352,TRUE,5,../preprocessing/preprocessed_dataset/preprocessed/Hansig_Sampled/random_seeds_555/person_352/true/Cedar_person_352_true_5.jpg
Hansig_Sampled,Sampled,random_seeds_555,person_616,FORGED,1,../preprocessing/preprocessed_dataset/preprocessed/Hansig_Sampled/random_seeds_555/person_616/forge/Cedar_person_616_forge_1.jpg
Hansig_Sampled,Sampled,random_seeds_555,person_616,FORGED,2,../preprocessing/preprocessed_dataset/preprocessed/Hansig_Sampled/random_seeds_555/person_616/forge/Cedar_person_616_forge_2.jpg
Hansig_Sampled,Sampled,random_seeds_555,person_616,FORGED,3,../preprocessing/preprocessed_dataset/preprocessed/Hansig_Sampled/random_seeds_555/person_616/forge/Cedar_person_616_forge_3.jpg
Hansig_Sampled,Sampled,random_seeds_555,person_616,FORGED,4,../preprocessing/preprocessed_dataset/preprocessed/Hansig_Sampled/random_seeds_555/person_616/forge/Cedar_person_616_forge_4.jpg
Hansig_Sampled,Sampled,random_seeds_555,person_616,FORGED,5,../preprocessing/preprocessed_dataset/preprocessed/Hansig_Sampled/random_seeds_555/person_616/forge/Cedar_person_616_forge_5.jpg
Hansig_Sampled,Sampled,random_seeds_555,person_616,TRUE,1,../preprocessing/preprocessed_dataset/preprocessed/Hansig_Sampled/random_seeds_555/person_616/true/Cedar_person_616_true_1.jpg
Hansig_Sampled,Sampled,random_seeds_555,person_616,TRUE,2,../preprocessing/preprocessed_dataset/preprocessed/Hansig_Sampled/random_seeds_555/person_616/true/Cedar_person_616_true_2.jpg
Hansig_Sampled,Sampled,random_seeds_555,person_616,TRUE,3,../preprocessing/preprocessed_dataset/preprocessed/Hansig_Sampled/random_seeds_555/person_616/true/Cedar_person_616_true_3.jpg
Hansig_Sampled,Sampled,random_seeds_555,person_616,TRUE,4,../preprocessing/preprocessed_dataset/preprocessed/Hansig_Sampled/random_seeds_555/person_616/true/Cedar_person_616_true_4.jpg
Hansig_Sampled,Sampled,random_seeds_555,person_616,TRUE,5,../preprocessing/preprocessed_dataset/preprocessed/Hansig_Sampled/random_seeds_555/person_616/true/Cedar_person_616_true_5.jpg
Real_Fake_Data_Sampled,Sampled,random_seeds_707,person_01,FORGED,17,../preprocessing/preprocessed_dataset/preprocessed/Real_Fake_Data_Sampled/random_seeds_707/person_01/forge/RealFake_person_01_forge_17.jpeg
Real_Fake_Data_Sampled,Sampled,random_seeds_707,person_01,FORGED,3,../preprocessing/preprocessed_dataset/preprocessed/Real_Fake_Data_Sampled/random_seeds_707/person_01/forge/RealFake_person_01_forge_3.jpeg
Real_Fake_Data_Sampled,Sampled,random_seeds_707,person_01,FORGED,39,../preprocessing/preprocessed_dataset/preprocessed/Real_Fake_Data_Sampled/random_seeds_707/person_01/forge/RealFake_person_01_forge_39.jpeg
Real_Fake_Data_Sampled,Sampled,random_seeds_707,person_01,FORGED,5,../preprocessing/preprocessed_dataset/preprocessed/Real_Fake_Data_Sampled/random_seeds_707/person_01/forge/RealFake_person_01_forge_5.jpeg
Real_Fake_Data_Sampled,Sampled,random_seeds_707,person_01,FORGED,9,../preprocessing/preprocessed_dataset/preprocessed/Real_Fake_Data_Sampled/random_seeds_707/person_01/forge/RealFake_person_01_forge_9.jpeg
Real_Fake_Data_Sampled,Sampled,random_seeds_707,person_01,TRUE,1,../preprocessing/preprocessed_dataset/preprocessed/Real_Fake_Data_Sampled/random_seeds_707/person_01/true/RealFake_person_01_true_1.jpeg
Real_Fake_Data_Sampled,Sampled,random_seeds_707,person_01,TRUE,36,../preprocessing/preprocessed_dataset/preprocessed/Real_Fake_Data_Sampled/random_seeds_707/person_01/true/RealFake_person_01_true_36.jpeg
Real_Fake_Data_Sampled,Sampled,random_seeds_707,person_01,TRUE,4,../preprocessing/preprocessed_dataset/preprocessed/Real_Fake_Data_Sampled/random_seeds_707/person_01/true/RealFake_person_01_true_4.jpeg
Real_Fake_Data_Sampled,Sampled,random_seeds_707,person_01,TRUE,5,../preprocessing/preprocessed_dataset/preprocessed/Real_Fake_Data_Sampled/random_seeds_707/person_01/true/RealFake_person_01_true_5.jpeg
Real_Fake_Data_Sampled,Sampled,random_seeds_707,person_01,TRUE,6,../preprocessing/preprocessed_dataset/preprocessed/Real_Fake_Data_Sampled/random_seeds_707/person_01/true/RealFake_person_01_true_6.jpeg
Real_Fake_Data_Sampled,Sampled,random_seeds_707,person_05,FORGED,14,../preprocessing/preprocessed_dataset/preprocessed/Real_Fake_Data_Sampled/random_seeds_707/person_05/forge/RealFake_person_05_forge_14.jpeg
Real_Fake_Data_Sampled,Sampled,random_seeds_707,person_05,FORGED,15,../preprocessing/preprocessed_dataset/preprocessed/Real_Fake_Data_Sampled/random_seeds_707/person_05/forge/RealFake_person_05_forge_15.jpeg
Real_Fake_Data_Sampled,Sampled,random_seeds_707,person_05,FORGED,35,../preprocessing/preprocessed_dataset/preprocessed/Real_Fake_Data_Sampled/random_seeds_707/person_05/forge/RealFake_person_05_forge_35.jpeg
Real_Fake_Data_Sampled,Sampled,random_seeds_707,person_05,FORGED,38,../preprocessing/preprocessed_dataset/preprocessed/Real_Fake_Data_Sampled/random_seeds_707/person_05/forge/RealFake_person_05_forge_38.jpeg
Real_Fake_Data_Sampled,Sampled,random_seeds_707,person_05,FORGED,39,../preprocessing/preprocessed_dataset/preprocessed/Real_Fake_Data_Sampled/random_seeds_707/person_05/forge/RealFake_person_05_forge_39.jpeg
Real_Fake_Data_Sampled,Sampled,random_seeds_707,person_05,TRUE,25,../preprocessing/preprocessed_dataset/preprocessed/Real_Fake_Data_Sampled/random_seeds_707/person_05/true/RealFake_person_05_true_25.jpeg
Real_Fake_Data_Sampled,Sampled,random_seeds_707,person_05,TRUE,30,../preprocessing/preprocessed_dataset/preprocessed/Real_Fake_Data_Sampled/random_seeds_707/person_05/true/RealFake_person_05_true_30.jpeg
Real_Fake_Data_Sampled,Sampled,random_seeds_707,person_05,TRUE,32,../preprocessing/preprocessed_dataset/preprocessed/Real_Fake_Data_Sampled/random_seeds_707/person_05/true/RealFake_person_05_true_32.jpeg
Real_Fake_Data_Sampled,Sampled,random_seeds_707,person_05,TRUE,35,../preprocessing/preprocessed_dataset/preprocessed/Real_Fake_Data_Sampled/random_seeds_707/person_05/true/RealFake_person_05_true_35.jpeg
Real_Fake_Data_Sampled,Sampled,random_seeds_707,person_05,TRUE,38,../preprocessing/preprocessed_dataset/preprocessed/Real_Fake_Data_Sampled/random_seeds_707/person_05/true/RealFake_person_05_true_38.jpeg
Real_Fake_Data_Sampled,Sampled,random_seeds_707,person_06,FORGED,24,../preprocessing/preprocessed_dataset/preprocessed/Real_Fake_Data_Sampled/random_seeds_707/person_06/forge/RealFake_person_06_forge_24.jpeg
Real_Fake_Data_Sampled,Sampled,random_seeds_707,person_06,FORGED,27,../preprocessing/preprocessed_dataset/preprocessed/Real_Fake_Data_Sampled/random_seeds_707/person_06/forge/RealFake_person_06_forge_27.jpeg
Real_Fake_Data_Sampled,Sampled,random_seeds_707,person_06,FORGED,37,../preprocessing/preprocessed_dataset/preprocessed/Real_Fake_Data_Sampled/random_seeds_707/person_06/forge/RealFake_person_06_forge_37.jpeg
Real_Fake_Data_Sampled,Sampled,random_seeds_707,person_06,FORGED,38,../preprocessing/preprocessed_dataset/preprocessed/Real_Fake_Data_Sampled/random_seeds_707/person_06/forge/RealFake_person_06_forge_38.jpeg
Real_Fake_Data_Sampled,Sampled,random_seeds_707,person_06,FORGED,9,../preprocessing/preprocessed_dataset/preprocessed/Real_Fake_Data_Sampled/random_seeds_707/person_06/forge/RealFake_person_06_forge_9.jpeg
Real_Fake_Data_Sampled,Sampled,random_seeds_707,person_06,TRUE,11,../preprocessing/preprocessed_dataset/preprocessed/Real_Fake_Data_Sampled/random_seeds_707/person_06/true/RealFake_person_06_true_11.jpeg
Real_Fake_Data_Sampled,Sampled,random_seeds_707,person_06,TRUE,13,../preprocessing/preprocessed_dataset/preprocessed/Real_Fake_Data_Sampled/random_seeds_707/person_06/true/RealFake_person_06_true_13.jpeg
Real_Fake_Data_Sampled,Sampled,random_seeds_707,person_06,TRUE,15,../preprocessing/preprocessed_dataset/preprocessed/Real_Fake_Data_Sampled/random_seeds_707/person_06/true/RealFake_person_06_true_15.jpeg
Real_Fake_Data_Sampled,Sampled,random_seeds_707,person_06,TRUE,25,../preprocessing/preprocessed_dataset/preprocessed/Real_Fake_Data_Sampled/random_seeds_707/person_06/true/RealFake_person_06_true_25.jpeg
Real_Fake_Data_Sampled,Sampled,random_seeds_707,person_06,TRUE,34,../preprocessing/preprocessed_dataset/preprocessed/Real_Fake_Data_Sampled/random_seeds_707/person_06/true/RealFake_person_06_true_34.jpeg
Signature_Verification_Sampled,Sampled,random_seeds_123,person_013,FORGED,1,../preprocessing/preprocessed_dataset/preprocessed/Signature_Verification_Sampled/random_seeds_123/person_013/forge/Signature_Verification_person013_forge_1.png
Signature_Verification_Sampled,Sampled,random_seeds_123,person_013,FORGED,2,../preprocessing/preprocessed_dataset/preprocessed/Signature_Verification_Sampled/random_seeds_123/person_013/forge/Signature_Verification_person013_forge_2.png
Signature_Verification_Sampled,Sampled,random_seeds_123,person_013,FORGED,3,../preprocessing/preprocessed_dataset/preprocessed/Signature_Verification_Sampled/random_seeds_123/person_013/forge/Signature_Verification_person013_forge_3.png
Signature_Verification_Sampled,Sampled,random_seeds_123,person_013,FORGED,4,../preprocessing/preprocessed_dataset/preprocessed/Signature_Verification_Sampled/random_seeds_123/person_013/forge/Signature_Verification_person013_forge_4.png
Signature_Verification_Sampled,Sampled,random_seeds_123,person_013,FORGED,5,../preprocessing/preprocessed_dataset/preprocessed/Signature_Verification_Sampled/random_seeds_123/person_013/forge/Signature_Verification_person013_forge_5.png
Signature_Verification_Sampled,Sampled,random_seeds_123,person_013,TRUE,1,../preprocessing/preprocessed_dataset/preprocessed/Signature_Verification_Sampled/random_seeds_123/person_013/true/Signature_Verification_person013_true_1.png
Signature_Verification_Sampled,Sampled,random_seeds_123,person_013,TRUE,2,../preprocessing/preprocessed_dataset/preprocessed/Signature_Verification_Sampled/random_seeds_123/person_013/true/Signature_Verification_person013_true_2.png
Signature_Verification_Sampled,Sampled,random_seeds_123,person_013,TRUE,3,../preprocessing/preprocessed_dataset/preprocessed/Signature_Verification_Sampled/random_seeds_123/person_013/true/Signature_Verification_person013_true_3.png
Signature_Verification_Sampled,Sampled,random_seeds_123,person_013,TRUE,4,../preprocessing/preprocessed_dataset/preprocessed/Signature_Verification_Sampled/random_seeds_123/person_013/true/Signature_Verification_person013_true_4.png
Signature_Verification_Sampled,Sampled,random_seeds_123,person_013,TRUE,5,../preprocessing/preprocessed_dataset/preprocessed/Signature_Verification_Sampled/random_seeds_123/person_013/true/Signature_Verification_person013_true_5.png
Signature_Verification_Sampled,Sampled,random_seeds_123,person_015,FORGED,1,../preprocessing/preprocessed_dataset/preprocessed/Signature_Verification_Sampled/random_seeds_123/person_015/forge/Signature_Verification_person015_forge_1.png
Signature_Verification_Sampled,Sampled,random_seeds_123,person_015,FORGED,2,../preprocessing/preprocessed_dataset/preprocessed/Signature_Verification_Sampled/random_seeds_123/person_015/forge/Signature_Verification_person015_forge_2.png
Signature_Verification_Sampled,Sampled,random_seeds_123,person_015,FORGED,3,../preprocessing/preprocessed_dataset/preprocessed/Signature_Verification_Sampled/random_seeds_123/person_015/forge/Signature_Verification_person015_forge_3.png
Signature_Verification_Sampled,Sampled,random_seeds_123,person_015,FORGED,4,../preprocessing/preprocessed_dataset/preprocessed/Signature_Verification_Sampled/random_seeds_123/person_015/forge/Signature_Verification_person015_forge_4.png
Signature_Verification_Sampled,Sampled,random_seeds_123,person_015,FORGED,5,../preprocessing/preprocessed_dataset/preprocessed/Signature_Verification_Sampled/random_seeds_123/person_015/forge/Signature_Verification_person015_forge_5.png
Signature_Verification_Sampled,Sampled,random_seeds_123,person_015,TRUE,1,../preprocessing/preprocessed_dataset/preprocessed/Signature_Verification_Sampled/random_seeds_123/person_015/true/Signature_Verification_person015_true_1.png
Signature_Verification_Sampled,Sampled,random_seeds_123,person_015,TRUE,2,../preprocessing/preprocessed_dataset/preprocessed/Signature_Verification_Sampled/random_seeds_123/person_015/true/Signature_Verification_person015_true_2.png
Signature_Verification_Sampled,Sampled,random_seeds_123,person_015,TRUE,3,../preprocessing/preprocessed_dataset/preprocessed/Signature_Verification_Sampled/random_seeds_123/person_015/true/Signature_Verification_person015_true_3.png
Signature_Verification_Sampled,Sampled,random_seeds_123,person_015,TRUE,4,../preprocessing/preprocessed_dataset/preprocessed/Signature_Verification_Sampled/random_seeds_123/person_015/true/Signature_Verification_person015_true_4.png
Signature_Verification_Sampled,Sampled,random_seeds_123,person_015,TRUE,5,../preprocessing/preprocessed_dataset/preprocessed/Signature_Verification_Sampled/random_seeds_123/person_015/true/Signature_Verification_person015_true_5.png
Signature_Verification_Sampled,Sampled,random_seeds_123,person_017,FORGED,1,../preprocessing/preprocessed_dataset/preprocessed/Signature_Verification_Sampled/random_seeds_123/person_017/forge/Signature_Verification_person017_forge_1.png
Signature_Verification_Sampled,Sampled,random_seeds_123,person_017,FORGED,2,../preprocessing/preprocessed_dataset/preprocessed/Signature_Verification_Sampled/random_seeds_123/person_017/forge/Signature_Verification_person017_forge_2.png
Signature_Verification_Sampled,Sampled,random_seeds_123,person_017,FORGED,3,../preprocessing/preprocessed_dataset/preprocessed/Signature_Verification_Sampled/random_seeds_123/person_017/forge/Signature_Verification_person017_forge_3.png
Signature_Verification_Sampled,Sampled,random_seeds_123,person_017,FORGED,4,../preprocessing/preprocessed_dataset/preprocessed/Signature_Verification_Sampled/random_seeds_123/person_017/forge/Signature_Verification_person017_forge_4.png
Signature_Verification_Sampled,Sampled,random_seeds_123,person_017,FORGED,5,../preprocessing/preprocessed_dataset/preprocessed/Signature_Verification_Sampled/random_seeds_123/person_017/forge/Signature_Verification_person017_forge_5.png
Signature_Verification_Sampled,Sampled,random_seeds_123,person_017,TRUE,1,../preprocessing/preprocessed_dataset/preprocessed/Signature_Verification_Sampled/random_seeds_123/person_017/true/Signature_Verification_person017_true_1.png
Signature_Verification_Sampled,Sampled,random_seeds_123,person_017,TRUE,2,../preprocessing/preprocessed_dataset/preprocessed/Signature_Verification_Sampled/random_seeds_123/person_017/true/Signature_Verification_person017_true_2.png
Signature_Verification_Sampled,Sampled,random_seeds_123,person_017,TRUE,3,../preprocessing/preprocessed_dataset/preprocessed/Signature_Verification_Sampled/random_seeds_123/person_017/true/Signature_Verification_person017_true_3.png
Signature_Verification_Sampled,Sampled,random_seeds_123,person_017,TRUE,4,../preprocessing/preprocessed_dataset/preprocessed/Signature_Verification_Sampled/random_seeds_123/person_017/true/Signature_Verification_person017_true_4.png
Signature_Verification_Sampled,Sampled,random_seeds_123,person_017,TRUE,5,../preprocessing/preprocessed_dataset/preprocessed/Signature_Verification_Sampled/random_seeds_123/person_017/true/Signature_Verification_person017_true_5.png
Signature_Verification_Sampled,Sampled,random_seeds_123,person_029,FORGED,1,../preprocessing/preprocessed_dataset/preprocessed/Signature_Verification_Sampled/random_seeds_123/person_029/forge/Signature_Verification_person029_forge_1.png
Signature_Verification_Sampled,Sampled,random_seeds_123,person_029,FORGED,2,../preprocessing/preprocessed_dataset/preprocessed/Signature_Verification_Sampled/random_seeds_123/person_029/forge/Signature_Verification_person029_forge_2.png
Signature_Verification_Sampled,Sampled,random_seeds_123,person_029,FORGED,3,../preprocessing/preprocessed_dataset/preprocessed/Signature_Verification_Sampled/random_seeds_123/person_029/forge/Signature_Verification_person029_forge_3.png
Signature_Verification_Sampled,Sampled,random_seeds_123,person_029,FORGED,4,../preprocessing/preprocessed_dataset/preprocessed/Signature_Verification_Sampled/random_seeds_123/person_029/forge/Signature_Verification_person029_forge_4.png
Signature_Verification_Sampled,Sampled,random_seeds_123,person_029,FORGED,5,../preprocessing/preprocessed_dataset/preprocessed/Signature_Verification_Sampled/random_seeds_123/person_029/forge/Signature_Verification_person029_forge_5.png
Signature_Verification_Sampled,Sampled,random_seeds_123,person_029,TRUE,1,../preprocessing/preprocessed_dataset/preprocessed/Signature_Verification_Sampled/random_seeds_123/person_029/true/Signature_Verification_person029_true_1.png
Signature_Verification_Sampled,Sampled,random_seeds_123,person_029,TRUE,2,../preprocessing/preprocessed_dataset/preprocessed/Signature_Verification_Sampled/random_seeds_123/person_029/true/Signature_Verification_person029_true_2.png
Signature_Verification_Sampled,Sampled,random_seeds_123,person_029,TRUE,3,../preprocessing/preprocessed_dataset/preprocessed/Signature_Verification_Sampled/random_seeds_123/person_029/true/Signature_Verification_person029_true_3.png
Signature_Verification_Sampled,Sampled,random_seeds_123,person_029,TRUE,4,../preprocessing/preprocessed_dataset/preprocessed/Signature_Verification_Sampled/random_seeds_123/person_029/true/Signature_Verification_person029_true_4.png
Signature_Verification_Sampled,Sampled,random_seeds_123,person_029,TRUE,5,../preprocessing/preprocessed_dataset/preprocessed/Signature_Verification_Sampled/random_seeds_123/person_029/true/Signature_Verification_person029_true_5.png
Signature_Verification_Sampled,Sampled,random_seeds_123,person_035,FORGED,1,../preprocessing/preprocessed_dataset/preprocessed/Signature_Verification_Sampled/random_seeds_123/person_035/forge/Signature_Verification_person035_forge_1.png
Signature_Verification_Sampled,Sampled,random_seeds_123,person_035,FORGED,2,../preprocessing/preprocessed_dataset/preprocessed/Signature_Verification_Sampled/random_seeds_123/person_035/forge/Signature_Verification_person035_forge_2.png
Signature_Verification_Sampled,Sampled,random_seeds_123,person_035,FORGED,3,../preprocessing/preprocessed_dataset/preprocessed/Signature_Verification_Sampled/random_seeds_123/person_035/forge/Signature_Verification_person035_forge_3.png
Signature_Verification_Sampled,Sampled,random_seeds_123,person_035,FORGED,4,../preprocessing/preprocessed_dataset/preprocessed/Signature_Verification_Sampled/random_seeds_123/person_035/forge/Signature_Verification_person035_forge_4.png
Signature_Verification_Sampled,Sampled,random_seeds_123,person_035,FORGED,5,../preprocessing/preprocessed_dataset/preprocessed/Signature_Verification_Sampled/random_seeds_123/person_035/forge/Signature_Verification_person035_forge_5.png
Signature_Verification_Sampled,Sampled,random_seeds_123,person_035,TRUE,1,../preprocessing/preprocessed_dataset/preprocessed/Signature_Verification_Sampled/random_seeds_123/person_035/true/Signature_Verification_person035_true_1.png
Signature_Verification_Sampled,Sampled,random_seeds_123,person_035,TRUE,2,../preprocessing/preprocessed_dataset/preprocessed/Signature_Verification_Sampled/random_seeds_123/person_035/true/Signature_Verification_person035_true_2.png
Signature_Verification_Sampled,Sampled,random_seeds_123,person_035,TRUE,3,../preprocessing/preprocessed_dataset/preprocessed/Signature_Verification_Sampled/random_seeds_123/person_035/true/Signature_Verification_person035_true_3.png
Signature_Verification_Sampled,Sampled,random_seeds_123,person_035,TRUE,4,../preprocessing/preprocessed_dataset/preprocessed/Signature_Verification_Sampled/random_seeds_123/person_035/true/Signature_Verification_person035_true_4.png
Signature_Verification_Sampled,Sampled,random_seeds_123,person_035,TRUE,5,../preprocessing/preprocessed_dataset/preprocessed/Signature_Verification_Sampled/random_seeds_123/person_035/true/Signature_Verification_person035_true_5.png
Signature_Verification_Sampled,Sampled,random_seeds_123,person_040,FORGED,1,../preprocessing/preprocessed_dataset/preprocessed/Signature_Verification_Sampled/random_seeds_123/person_040/forge/Signature_Verification_person040_forge_1.png
Signature_Verification_Sampled,Sampled,random_seeds_123,person_040,FORGED,2,../preprocessing/preprocessed_dataset/preprocessed/Signature_Verification_Sampled/random_seeds_123/person_040/forge/Signature_Verification_person040_forge_2.png
Signature_Verification_Sampled,Sampled,random_seeds_123,person_040,FORGED,3,../preprocessing/preprocessed_dataset/preprocessed/Signature_Verification_Sampled/random_seeds_123/person_040/forge/Signature_Verification_person040_forge_3.png
Signature_Verification_Sampled,Sampled,random_seeds_123,person_040,FORGED,4,../preprocessing/preprocessed_dataset/preprocessed/Signature_Verification_Sampled/random_seeds_123/person_040/forge/Signature_Verification_person040_forge_4.png
Signature_Verification_Sampled,Sampled,random_seeds_123,person_040,FORGED,5,../preprocessing/preprocessed_dataset/preprocessed/Signature_Verification_Sampled/random_seeds_123/person_040/forge/Signature_Verification_person040_forge_5.png
Signature_Verification_Sampled,Sampled,random_seeds_123,person_040,TRUE,1,../preprocessing/preprocessed_dataset/preprocessed/Signature_Verification_Sampled/random_seeds_123/person_040/true/Signature_Verification_person040_true_1.png
Signature_Verification_Sampled,Sampled,random_seeds_123,person_040,TRUE,2,../preprocessing/preprocessed_dataset/preprocessed/Signature_Verification_Sampled/random_seeds_123/person_040/true/Signature_Verification_person040_true_2.png
Signature_Verification_Sampled,Sampled,random_seeds_123,person_040,TRUE,3,../preprocessing/preprocessed_dataset/preprocessed/Signature_Verification_Sampled/random_seeds_123/person_040/true/Signature_Verification_person040_true_3.png
Signature_Verification_Sampled,Sampled,random_seeds_123,person_040,TRUE,4,../preprocessing/preprocessed_dataset/preprocessed/Signature_Verification_Sampled/random_seeds_123/person_040/true/Signature_Verification_person040_true_4.png
Signature_Verification_Sampled,Sampled,random_seeds_123,person_040,TRUE,5,../preprocessing/preprocessed_dataset/preprocessed/Signature_Verification_Sampled/random_seeds_123/person_040/true/Signature_Verification_person040_true_5.png
Signature_Verification_Sampled,Sampled,random_seeds_123,person_050,FORGED,1,../preprocessing/preprocessed_dataset/preprocessed/Signature_Verification_Sampled/random_seeds_123/person_050/forge/Signature_Verification_person050_forge_1.png
Signature_Verification_Sampled,Sampled,random_seeds_123,person_050,FORGED,2,../preprocessing/preprocessed_dataset/preprocessed/Signature_Verification_Sampled/random_seeds_123/person_050/forge/Signature_Verification_person050_forge_2.png
Signature_Verification_Sampled,Sampled,random_seeds_123,person_050,FORGED,3,../preprocessing/preprocessed_dataset/preprocessed/Signature_Verification_Sampled/random_seeds_123/person_050/forge/Signature_Verification_person050_forge_3.png
Signature_Verification_Sampled,Sampled,random_seeds_123,person_050,FORGED,4,../preprocessing/preprocessed_dataset/preprocessed/Signature_Verification_Sampled/random_seeds_123/person_050/forge/Signature_Verification_person050_forge_4.png
Signature_Verification_Sampled,Sampled,random_seeds_123,person_050,FORGED,5,../preprocessing/preprocessed_dataset/preprocessed/Signature_Verification_Sampled/random_seeds_123/person_050/forge/Signature_Verification_person050_forge_5.png
Signature_Verification_Sampled,Sampled,random_seeds_123,person_050,TRUE,1,../preprocessing/preprocessed_dataset/preprocessed/Signature_Verification_Sampled/random_seeds_123/person_050/true/Signature_Verification_person050_true_1.png
Signature_Verification_Sampled,Sampled,random_seeds_123,person_050,TRUE,2,../preprocessing/preprocessed_dataset/preprocessed/Signature_Verification_Sampled/random_seeds_123/person_050/true/Signature_Verification_person050_true_2.png
Signature_Verification_Sampled,Sampled,random_seeds_123,person_050,TRUE,3,../preprocessing/preprocessed_dataset/preprocessed/Signature_Verification_Sampled/random_seeds_123/person_050/true/Signature_Verification_person050_true_3.png
Signature_Verification_Sampled,Sampled,random_seeds_123,person_050,TRUE,4,../preprocessing/preprocessed_dataset/preprocessed/Signature_Verification_Sampled/random_seeds_123/person_050/true/Signature_Verification_person050_true_4.png
Signature_Verification_Sampled,Sampled,random_seeds_123,person_050,TRUE,5,../preprocessing/preprocessed_dataset/preprocessed/Signature_Verification_Sampled/random_seeds_123/person_050/true/Signature_Verification_person050_true_5.png
Signature_Verification_Sampled,Sampled,random_seeds_123,person_052,FORGED,1,../preprocessing/preprocessed_dataset/preprocessed/Signature_Verification_Sampled/random_seeds_123/person_052/forge/Signature_Verification_person052_forge_1.png
Signature_Verification_Sampled,Sampled,random_seeds_123,person_052,FORGED,2,../preprocessing/preprocessed_dataset/preprocessed/Signature_Verification_Sampled/random_seeds_123/person_052/forge/Signature_Verification_person052_forge_2.png
Signature_Verification_Sampled,Sampled,random_seeds_123,person_052,FORGED,3,../preprocessing/preprocessed_dataset/preprocessed/Signature_Verification_Sampled/random_seeds_123/person_052/forge/Signature_Verification_person052_forge_3.png
Signature_Verification_Sampled,Sampled,random_seeds_123,person_052,FORGED,4,../preprocessing/preprocessed_dataset/preprocessed/Signature_Verification_Sampled/random_seeds_123/person_052/forge/Signature_Verification_person052_forge_4.png
Signature_Verification_Sampled,Sampled,random_seeds_123,person_052,FORGED,5,../preprocessing/preprocessed_dataset/preprocessed/Signature_Verification_Sampled/random_seeds_123/person_052/forge/Signature_Verification_person052_forge_5.png
Signature_Verification_Sampled,Sampled,random_seeds_123,person_052,TRUE,1,../preprocessing/preprocessed_dataset/preprocessed/Signature_Verification_Sampled/random_seeds_123/person_052/true/Signature_Verification_person052_true_1.png
Signature_Verification_Sampled,Sampled,random_seeds_123,person_052,TRUE,2,../preprocessing/preprocessed_dataset/preprocessed/Signature_Verification_Sampled/random_seeds_123/person_052/true/Signature_Verification_person052_true_2.png
Signature_Verification_Sampled,Sampled,random_seeds_123,person_052,TRUE,3,../preprocessing/preprocessed_dataset/preprocessed/Signature_Verification_Sampled/random_seeds_123/person_052/true/Signature_Verification_person052_true_3.png
Signature_Verification_Sampled,Sampled,random_seeds_123,person_052,TRUE,4,../preprocessing/preprocessed_dataset/preprocessed/Signature_Verification_Sampled/random_seeds_123/person_052/true/Signature_Verification_person052_true_4.png
Signature_Verification_Sampled,Sampled,random_seeds_123,person_052,TRUE,5,../preprocessing/preprocessed_dataset/preprocessed/Signature_Verification_Sampled/random_seeds_123/person_052/true/Signature_Verification_person052_true_5.png
Signature_Verification_Sampled,Sampled,random_seeds_123,person_056,FORGED,1,../preprocessing/preprocessed_dataset/preprocessed/Signature_Verification_Sampled/random_seeds_123/person_056/forge/Signature_Verification_person056_forge_1.png
Signature_Verification_Sampled,Sampled,random_seeds_123,person_056,FORGED,2,../preprocessing/preprocessed_dataset/preprocessed/Signature_Verification_Sampled/random_seeds_123/person_056/forge/Signature_Verification_person056_forge_2.png
Signature_Verification_Sampled,Sampled,random_seeds_123,person_056,FORGED,3,../preprocessing/preprocessed_dataset/preprocessed/Signature_Verification_Sampled/random_seeds_123/person_056/forge/Signature_Verification_person056_forge_3.png
Signature_Verification_Sampled,Sampled,random_seeds_123,person_056,FORGED,4,../preprocessing/preprocessed_dataset/preprocessed/Signature_Verification_Sampled/random_seeds_123/person_056/forge/Signature_Verification_person056_forge_4.png
Signature_Verification_Sampled,Sampled,random_seeds_123,person_056,FORGED,5,../preprocessing/preprocessed_dataset/preprocessed/Signature_Verification_Sampled/random_seeds_123/person_056/forge/Signature_Verification_person056_forge_5.png
Signature_Verification_Sampled,Sampled,random_seeds_123,person_056,TRUE,1,../preprocessing/preprocessed_dataset/preprocessed/Signature_Verification_Sampled/random_seeds_123/person_056/true/Signature_Verification_person056_true_1.png
Signature_Verification_Sampled,Sampled,random_seeds_123,person_056,TRUE,2,../preprocessing/preprocessed_dataset/preprocessed/Signature_Verification_Sampled/random_seeds_123/person_056/true/Signature_Verification_person056_true_2.png
Signature_Verification_Sampled,Sampled,random_seeds_123,person_056,TRUE,3,../preprocessing/preprocessed_dataset/preprocessed/Signature_Verification_Sampled/random_seeds_123/person_056/true/Signature_Verification_person056_true_3.png
Signature_Verification_Sampled,Sampled,random_seeds_123,person_056,TRUE,4,../preprocessing/preprocessed_dataset/preprocessed/Signature_Verification_Sampled/random_seeds_123/person_056/true/Signature_Verification_person056_true_4.png
Signature_Verification_Sampled,Sampled,random_seeds_123,person_056,TRUE,5,../preprocessing/preprocessed_dataset/preprocessed/Signature_Verification_Sampled/random_seeds_123/person_056/true/Signature_Verification_person056_true_5.png
Signature_Verification_Sampled,Sampled,random_seeds_123,person_066,FORGED,1,../preprocessing/preprocessed_dataset/preprocessed/Signature_Verification_Sampled/random_seeds_123/person_066/forge/Signature_Verification_person066_forge_1.png
Signature_Verification_Sampled,Sampled,random_seeds_123,person_066,FORGED,2,../preprocessing/preprocessed_dataset/preprocessed/Signature_Verification_Sampled/random_seeds_123/person_066/forge/Signature_Verification_person066_forge_2.png
Signature_Verification_Sampled,Sampled,random_seeds_123,person_066,FORGED,3,../preprocessing/preprocessed_dataset/preprocessed/Signature_Verification_Sampled/random_seeds_123/person_066/forge/Signature_Verification_person066_forge_3.png
Signature_Verification_Sampled,Sampled,random_seeds_123,person_066,FORGED,4,../preprocessing/preprocessed_dataset/preprocessed/Signature_Verification_Sampled/random_seeds_123/person_066/forge/Signature_Verification_person066_forge_4.png
Signature_Verification_Sampled,Sampled,random_seeds_123,person_066,FORGED,5,../preprocessing/preprocessed_dataset/preprocessed/Signature_Verification_Sampled/random_seeds_123/person_066/forge/Signature_Verification_person066_forge_5.png
Signature_Verification_Sampled,Sampled,random_seeds_123,person_066,TRUE,1,../preprocessing/preprocessed_dataset/preprocessed/Signature_Verification_Sampled/random_seeds_123/person_066/true/Signature_Verification_person066_true_1.png
Signature_Verification_Sampled,Sampled,random_seeds_123,person_066,TRUE,2,../preprocessing/preprocessed_dataset/preprocessed/Signature_Verification_Sampled/random_seeds_123/person_066/true/Signature_Verification_person066_true_2.png
Signature_Verification_Sampled,Sampled,random_seeds_123,person_066,TRUE,3,../preprocessing/preprocessed_dataset/preprocessed/Signature_Verification_Sampled/random_seeds_123/person_066/true/Signature_Verification_person066_true_3.png
Signature_Verification_Sampled,Sampled,random_seeds_123,person_066,TRUE,4,../preprocessing/preprocessed_dataset/preprocessed/Signature_Verification_Sampled/random_seeds_123/person_066/true/Signature_Verification_person066_true_4.png
Signature_Verification_Sampled,Sampled,random_seeds_123,person_066,TRUE,5,../preprocessing/preprocessed_dataset/preprocessed/Signature_Verification_Sampled/random_seeds_123/person_066/true/Signature_Verification_person066_true_5.png
